employeeid,yearsatcompany,department,joblevel,jobrole,yearsincurrentrole,yearswithcurrmanager,standardhours,shift,jobinvolvement,businesstravel,trainingtimeslastyear
1313919,6,Cardiology,2,Nurse,4,5,80,0,3,Travel_Rarely,0
1200302,10,Maternity,2,Other,7,7,80,1,2,Travel_Frequently,3
1060315,0,Maternity,1,Nurse,0,0,80,0,2,Travel_Rarely,3
1272912,8,Maternity,1,Other,7,0,80,0,3,Travel_Frequently,3
1414939,2,Maternity,1,Nurse,2,2,80,1,3,Travel_Rarely,3
1633361,7,Maternity,1,Nurse,7,6,80,0,3,Travel_Frequently,2
1329390,1,Maternity,1,Nurse,0,0,80,3,4,Travel_Rarely,3
1699288,1,Maternity,1,Nurse,0,0,80,1,3,Travel_Rarely,2
1469740,9,Maternity,3,Therapist,7,8,80,0,2,Travel_Frequently,2
1101291,7,Maternity,2,Nurse,7,7,80,2,3,Travel_Rarely,3
1430504,5,Maternity,1,Nurse,4,3,80,1,4,Travel_Rarely,5
1196281,9,Maternity,2,Nurse,5,8,80,0,2,Travel_Rarely,3
1207951,5,Maternity,1,Other,2,3,80,1,3,Travel_Rarely,1
1080660,2,Maternity,1,Nurse,2,2,80,1,3,Travel_Rarely,2
1420391,4,Maternity,1,Nurse,2,3,80,0,2,Travel_Rarely,4
1337254,10,Maternity,3,Therapist,9,8,80,1,4,Travel_Rarely,1
1421335,6,Maternity,1,Other,2,5,80,2,4,Travel_Rarely,5
1262683,1,Maternity,1,Nurse,0,0,80,2,4,Non-Travel,2
1599218,25,Cardiology,4,Administrative,8,7,80,0,2,Travel_Rarely,3
1634788,3,Maternity,1,Other,2,2,80,0,3,Travel_Rarely,3
1334559,4,Maternity,2,Therapist,2,3,80,1,4,Non-Travel,5
1402945,5,Cardiology,1,Other,3,3,80,0,2,Travel_Rarely,4
1705718,12,Neurology,3,Other,6,11,80,0,3,Travel_Rarely,4
1880078,0,Maternity,1,Other,0,0,80,0,3,Travel_Rarely,6
1801346,4,Maternity,1,Other,2,3,80,0,3,Travel_Rarely,2
1142160,14,Neurology,5,Other,13,8,80,1,3,Travel_Rarely,3
1142062,10,Maternity,1,Other,2,7,80,0,1,Travel_Frequently,5
1789756,9,Cardiology,2,Nurse,7,2,80,1,3,Travel_Rarely,2
1126009,22,Maternity,3,Nurse,6,17,80,1,2,Travel_Rarely,4
1552176,2,Cardiology,5,Administrative,2,1,80,0,3,Travel_Rarely,2
1118605,1,Maternity,1,Nurse,1,0,80,0,3,Travel_Rarely,3
1397325,4,Maternity,2,Nurse,2,3,80,0,3,Travel_Rarely,5
1874834,10,Maternity,1,Nurse,0,8,80,0,2,Travel_Rarely,5
1275746,1,Cardiology,2,Other,0,0,80,1,3,Travel_Rarely,6
1884939,2,Maternity,1,Other,0,0,80,1,3,Travel_Rarely,2
1650304,5,Maternity,1,Other,3,4,80,2,4,Travel_Rarely,3
1058169,3,Cardiology,1,Other,2,2,80,0,2,Travel_Rarely,2
1319183,2,Cardiology,1,Other,2,2,80,0,3,Travel_Rarely,3
1872551,1,Maternity,1,Other,1,0,80,1,2,Travel_Rarely,3
1060693,5,Cardiology,2,Nurse,3,3,80,2,4,Travel_Frequently,3
1110390,1,Maternity,1,Nurse,0,0,80,1,3,Travel_Rarely,3
1448895,1,Maternity,1,Nurse,0,0,80,1,3,Travel_Rarely,6
1547220,1,Maternity,1,Nurse,0,1,80,0,1,Travel_Rarely,2
1680993,9,Cardiology,3,Nurse,8,7,80,0,3,Travel_Frequently,0
1100187,12,Maternity,2,Nurse,8,7,80,0,3,Travel_Frequently,2
1881631,22,Neurology,5,Other,15,8,80,0,3,Travel_Rarely,0
1622068,9,Cardiology,2,Nurse,5,7,80,0,3,Non-Travel,2
1336903,1,Maternity,1,Other,0,0,80,0,3,Travel_Rarely,1
1126243,9,Cardiology,2,Nurse,6,8,80,0,3,Travel_Frequently,4
1053707,1,Maternity,1,Nurse,0,1,80,0,4,Travel_Rarely,2
1708688,1,Maternity,3,Nurse,0,0,80,0,2,Travel_Rarely,2
1208582,2,Maternity,1,Nurse,2,2,80,0,3,Travel_Rarely,3
1127416,4,Cardiology,2,Nurse,3,3,80,1,3,Travel_Rarely,2
1710090,4,Maternity,3,Nurse,0,3,80,1,2,Non-Travel,3
1146606,2,Cardiology,2,Nurse,2,0,80,1,2,Travel_Rarely,2
1674685,15,Neurology,3,Other,14,12,80,0,3,Travel_Frequently,1
1477077,9,Cardiology,3,Nurse,8,8,80,1,3,Travel_Frequently,3
1269275,2,Maternity,1,Nurse,2,2,80,1,3,Travel_Rarely,3
1620694,7,Maternity,2,Nurse,7,7,80,1,3,Travel_Rarely,3
1618486,7,Neurology,2,Therapist,5,7,80,1,2,Travel_Rarely,2
1208054,9,Neurology,2,Therapist,8,8,80,1,3,Travel_Rarely,3
1545352,10,Maternity,2,Nurse,3,9,80,0,3,Travel_Frequently,2
1665908,27,Neurology,5,Other,3,8,80,1,2,Travel_Rarely,2
1312106,21,Cardiology,3,Nurse,16,9,80,0,3,Travel_Rarely,3
1391215,17,Maternity,3,Nurse,14,8,80,3,3,Travel_Rarely,2
1677994,5,Neurology,4,Other,0,2,80,3,3,Travel_Rarely,2
1216003,6,Maternity,2,Therapist,5,3,80,0,2,Travel_Frequently,3
1503437,1,Maternity,3,Other,0,0,80,1,3,Travel_Rarely,2
1381585,3,Maternity,1,Other,2,2,80,1,3,Travel_Frequently,2
1312369,1,Maternity,1,Other,0,0,80,1,2,Travel_Rarely,0
1576355,4,Cardiology,2,Nurse,3,3,80,0,2,Travel_Frequently,2
1659485,5,Maternity,1,Other,4,4,80,1,3,Travel_Rarely,3
1530200,1,Maternity,1,Other,1,0,80,0,3,Travel_Rarely,4
1773482,10,Maternity,2,Other,4,9,80,2,3,Travel_Rarely,3
1188108,1,Maternity,1,Nurse,0,0,80,0,4,Travel_Rarely,3
1471418,11,Cardiology,2,Therapist,7,8,80,0,3,Travel_Rarely,2
1081842,15,Cardiology,2,Nurse,13,8,80,0,2,Travel_Rarely,2
1146021,0,Neurology,3,Other,0,0,80,0,3,Travel_Rarely,3
1880248,5,Neurology,3,Other,2,2,80,0,3,Travel_Rarely,3
1267807,4,Neurology,2,Other,2,2,80,1,3,Travel_Rarely,2
1247348,10,Maternity,2,Nurse,8,0,80,2,2,Travel_Rarely,1
1886039,6,Maternity,1,Other,4,4,80,0,2,Travel_Rarely,3
1134060,1,Cardiology,3,Nurse,0,0,80,1,3,Travel_Rarely,4
1403326,13,Maternity,2,Other,11,9,80,3,1,Non-Travel,3
1689558,5,Neurology,2,Therapist,2,3,80,0,3,Travel_Rarely,2
1122798,6,Neurology,3,Therapist,4,2,80,0,1,Travel_Rarely,3
1477348,0,Cardiology,1,Other,0,0,80,1,3,Travel_Rarely,3
1061371,4,Maternity,1,Nurse,2,3,80,2,3,Travel_Rarely,4
1535342,11,Maternity,2,Nurse,10,8,80,3,2,Travel_Rarely,3
1386780,9,Cardiology,3,Nurse,8,7,80,0,2,Travel_Rarely,3
1254775,22,Maternity,4,Nurse,3,11,80,1,2,Travel_Frequently,3
1818921,10,Cardiology,2,Nurse,7,0,80,0,3,Travel_Rarely,2
1848882,11,Cardiology,2,Nurse,8,7,80,3,2,Travel_Rarely,4
1537412,10,Maternity,3,Nurse,9,5,80,1,2,Travel_Frequently,5
1231380,11,Cardiology,2,Nurse,8,7,80,0,3,Travel_Rarely,0
1293078,4,Neurology,3,Other,3,3,80,1,3,Travel_Rarely,5
1026798,3,Cardiology,2,Nurse,2,2,80,1,3,Travel_Rarely,2
1500402,5,Cardiology,2,Nurse,4,4,80,0,3,Non-Travel,3
1514098,37,Cardiology,4,Nurse,10,8,80,0,3,Travel_Rarely,1
1487216,3,Maternity,2,Nurse,2,2,80,1,3,Non-Travel,3
1843825,3,Neurology,1,Other,2,2,80,0,3,Travel_Rarely,3
1635251,1,Maternity,1,Other,0,0,80,0,3,Travel_Rarely,2
1088304,1,Maternity,1,Nurse,0,0,80,0,2,Travel_Frequently,5
1792856,16,Maternity,2,Other,13,10,80,0,3,Travel_Rarely,3
1787161,1,Maternity,2,Nurse,0,0,80,1,2,Non-Travel,2
1627796,3,Neurology,5,Administrative,2,2,80,1,2,Non-Travel,3
1077558,8,Neurology,5,Other,3,7,80,0,3,Travel_Frequently,1
1410589,6,Cardiology,2,Nurse,4,3,80,0,2,Travel_Rarely,1
1657986,2,Maternity,1,Other,2,1,80,2,2,Travel_Rarely,2
1353326,0,Maternity,1,Nurse,0,0,80,0,3,Travel_Rarely,5
1523794,13,Maternity,3,Nurse,12,8,80,0,2,Travel_Frequently,1
1851151,9,Maternity,2,Nurse,7,6,80,0,1,Travel_Frequently,3
1645988,5,Neurology,4,Administrative,3,4,80,0,4,Non-Travel,3
1849283,5,Maternity,1,Nurse,3,2,80,1,3,Travel_Rarely,2
1073480,1,Maternity,2,Other,0,0,80,1,2,Travel_Rarely,3
1157113,5,Cardiology,3,Nurse,3,3,80,0,3,Travel_Rarely,3
1130224,11,Neurology,3,Other,10,8,80,0,2,Travel_Rarely,6
1427732,9,Cardiology,3,Nurse,7,8,80,1,3,Travel_Frequently,6
1852975,1,Maternity,1,Nurse,0,0,80,1,3,Travel_Rarely,2
1845017,25,Cardiology,4,Administrative,12,12,80,2,3,Travel_Frequently,3
1212660,10,Maternity,1,Other,7,9,80,3,1,Travel_Frequently,2
1264790,7,Cardiology,2,Nurse,7,7,80,1,3,Non-Travel,2
1515486,5,Maternity,1,Other,4,3,80,3,3,Travel_Rarely,2
1832980,20,Neurology,5,Other,18,15,80,0,3,Travel_Rarely,5
1031688,7,Cardiology,2,Nurse,7,7,80,0,1,Travel_Rarely,3
1433172,5,Maternity,1,Other,4,3,80,0,2,Travel_Rarely,3
1607390,40,Maternity,3,Nurse,10,6,80,1,3,Travel_Rarely,3
1842764,0,Cardiology,1,Other,0,0,80,0,3,Travel_Rarely,2
1176986,2,Maternity,1,Nurse,1,1,80,1,3,Travel_Rarely,2
1835832,15,Maternity,2,Therapist,11,11,80,0,3,Travel_Rarely,2
1450885,3,Maternity,1,Other,2,2,80,0,4,Travel_Frequently,2
1810635,2,Cardiology,3,Nurse,2,1,80,0,3,Travel_Frequently,3
1810242,2,Cardiology,2,Nurse,2,2,80,1,1,Travel_Rarely,2
1148129,9,Cardiology,3,Nurse,7,7,80,1,3,Travel_Rarely,2
1085450,8,Neurology,1,Other,7,7,80,1,3,Travel_Rarely,3
1699939,3,Neurology,2,Therapist,2,1,80,2,3,Travel_Rarely,0
1612623,4,Cardiology,3,Therapist,2,3,80,0,1,Travel_Frequently,2
1069811,15,Cardiology,2,Nurse,11,9,80,1,2,Travel_Rarely,1
1717795,2,Cardiology,2,Nurse,2,2,80,0,2,Travel_Rarely,3
1341925,11,Neurology,2,Other,9,7,80,0,3,Travel_Rarely,2
1113668,5,Maternity,1,Nurse,4,4,80,0,3,Travel_Rarely,2
1164932,6,Maternity,1,Other,5,3,80,0,3,Travel_Rarely,2
1328110,3,Maternity,2,Other,2,2,80,0,3,Travel_Rarely,2
1744823,5,Maternity,1,Other,4,4,80,0,3,Travel_Rarely,4
1431031,8,Cardiology,2,Nurse,7,7,80,3,1,Travel_Frequently,2
1587864,3,Maternity,1,Other,2,2,80,1,3,Travel_Rarely,3
1577226,5,Maternity,1,Nurse,3,2,80,0,2,Travel_Rarely,3
1162762,7,Neurology,4,Other,6,7,80,1,2,Travel_Frequently,2
1035340,5,Maternity,1,Nurse,0,4,80,1,3,Travel_Rarely,2
1529493,1,Maternity,1,Nurse,0,0,80,0,3,Travel_Rarely,3
1789511,20,Maternity,2,Other,7,13,80,1,3,Travel_Frequently,2
1047751,10,Cardiology,3,Nurse,8,6,80,2,3,Travel_Rarely,3
1057195,7,Cardiology,2,Other,7,5,80,1,3,Travel_Rarely,3
1682385,17,Maternity,2,Nurse,9,15,80,1,3,Travel_Rarely,2
1314990,9,Cardiology,3,Nurse,8,7,80,0,3,Travel_Frequently,2
1157784,10,Neurology,2,Therapist,7,9,80,1,3,Non-Travel,1
1819484,1,Neurology,2,Therapist,0,0,80,0,2,Travel_Rarely,2
1172011,1,Maternity,1,Other,0,0,80,1,2,Travel_Rarely,3
1562685,12,Cardiology,3,Nurse,11,11,80,1,2,Travel_Rarely,2
1404919,4,Cardiology,1,Other,3,2,80,1,3,Travel_Frequently,3
1751538,2,Maternity,1,Other,2,2,80,2,3,Travel_Rarely,6
1883822,2,Maternity,1,Other,2,2,80,1,3,Non-Travel,1
1460812,5,Maternity,1,Other,2,2,80,1,3,Travel_Rarely,2
1303708,5,Maternity,3,Nurse,3,4,80,1,4,Travel_Rarely,2
1224013,1,Maternity,1,Other,1,1,80,1,2,Non-Travel,2
1495862,5,Neurology,5,Other,4,4,80,0,3,Travel_Rarely,5
1379450,9,Maternity,1,Other,8,8,80,1,3,Travel_Rarely,2
1138977,10,Cardiology,3,Nurse,9,4,80,1,3,Travel_Rarely,2
1726077,8,Cardiology,2,Nurse,3,7,80,0,2,Travel_Rarely,2
1101855,5,Maternity,1,Other,4,4,80,0,3,Travel_Rarely,2
1715001,5,Maternity,1,Other,2,1,80,1,3,Travel_Rarely,3
1820041,0,Cardiology,1,Other,0,0,80,0,1,Travel_Frequently,5
1540435,8,Maternity,1,Nurse,7,2,80,0,3,Travel_Frequently,3
1340085,12,Maternity,2,Nurse,9,10,80,2,3,Non-Travel,4
1319352,5,Cardiology,2,Nurse,4,3,80,1,3,Travel_Rarely,3
1722423,2,Maternity,1,Other,2,2,80,1,3,Travel_Rarely,3
1853558,3,Maternity,1,Other,1,2,80,0,3,Travel_Rarely,2
1517594,1,Maternity,1,Nurse,0,0,80,0,2,Travel_Rarely,3
1700841,24,Cardiology,3,Nurse,13,7,80,3,3,Travel_Rarely,2
1665761,2,Maternity,1,Nurse,2,1,80,0,3,Travel_Rarely,3
1224843,4,Maternity,1,Other,2,2,80,1,3,Travel_Rarely,0
1739412,3,Maternity,1,Other,2,2,80,0,3,Travel_Rarely,3
1190255,4,Cardiology,1,Other,3,2,80,0,3,Travel_Rarely,5
1820323,3,Maternity,1,Nurse,2,2,80,1,2,Travel_Rarely,2
1477195,4,Maternity,2,Therapist,2,3,80,2,4,Travel_Rarely,3
1383313,8,Maternity,1,Other,7,6,80,1,3,Travel_Rarely,5
1385477,20,Neurology,5,Other,8,9,80,1,3,Travel_Rarely,2
1060337,24,Neurology,5,Other,15,15,80,0,4,Travel_Rarely,3
1180048,10,Neurology,2,Therapist,9,9,80,0,2,Travel_Frequently,2
1730525,7,Maternity,4,Nurse,7,0,80,0,3,Travel_Rarely,6
1173311,33,Neurology,5,Other,18,9,80,1,2,Travel_Rarely,5
1155351,7,Maternity,1,Other,7,3,80,0,3,Travel_Rarely,2
1409777,1,Maternity,2,Therapist,0,1,80,0,2,Travel_Rarely,1
1175384,5,Maternity,1,Other,4,2,80,3,4,Non-Travel,3
1447981,20,Neurology,4,Other,8,8,80,1,2,Non-Travel,1
1643490,8,Maternity,1,Other,7,7,80,1,4,Travel_Rarely,3
1132287,6,Maternity,2,Nurse,2,2,80,0,3,Travel_Frequently,5
1238447,5,Maternity,2,Therapist,3,2,80,1,3,Non-Travel,5
1314186,1,Neurology,2,Therapist,0,0,80,0,3,Travel_Rarely,3
1416095,7,Maternity,2,Therapist,7,7,80,1,3,Travel_Rarely,3
1572943,2,Neurology,2,Therapist,2,0,80,1,2,Travel_Frequently,1
1285655,7,Maternity,2,Therapist,7,7,80,2,3,Non-Travel,0
1620253,5,Maternity,1,Other,3,0,80,1,3,Travel_Frequently,4
1224749,7,Maternity,2,Nurse,2,7,80,1,3,Travel_Rarely,2
1056367,1,Maternity,2,Nurse,0,0,80,0,3,Travel_Rarely,2
1446715,10,Cardiology,3,Nurse,4,9,80,3,3,Travel_Rarely,3
1872375,4,Maternity,1,Other,2,2,80,1,4,Travel_Rarely,2
1251693,8,Maternity,1,Nurse,1,7,80,0,3,Travel_Frequently,2
1474327,3,Maternity,2,Nurse,2,2,80,1,2,Non-Travel,5
1721417,4,Maternity,3,Nurse,2,3,80,1,3,Travel_Rarely,3
1723897,14,Cardiology,3,Nurse,8,8,80,0,1,Travel_Rarely,2
1847119,11,Neurology,3,Therapist,8,8,80,0,2,Non-Travel,2
1213142,7,Cardiology,2,Nurse,7,7,80,0,3,Travel_Frequently,2
1155192,10,Neurology,3,Other,9,7,80,2,2,Travel_Rarely,5
1806025,5,Maternity,1,Other,2,4,80,0,3,Travel_Rarely,5
1296063,1,Cardiology,3,Administrative,0,0,80,0,3,Travel_Rarely,3
1502689,6,Cardiology,2,Nurse,3,1,80,0,2,Travel_Frequently,5
1849547,6,Maternity,1,Other,2,5,80,0,3,Travel_Rarely,1
1715116,19,Cardiology,3,Nurse,7,8,80,0,2,Non-Travel,2
1088447,6,Cardiology,2,Nurse,2,5,80,1,3,Travel_Rarely,4
1408349,13,Maternity,2,Nurse,11,7,80,0,3,Travel_Rarely,3
1291194,3,Maternity,1,Other,2,1,80,0,2,Travel_Rarely,3
1699240,10,Neurology,3,Other,8,7,80,3,3,Travel_Frequently,1
1059303,16,Cardiology,3,Nurse,10,13,80,2,3,Travel_Rarely,6
1530760,5,Neurology,2,Therapist,4,4,80,1,1,Non-Travel,2
1187985,1,Maternity,1,Other,0,0,80,1,2,Travel_Rarely,6
1721312,9,Cardiology,1,Other,8,8,80,1,3,Travel_Frequently,2
1129392,11,Cardiology,3,Nurse,10,1,80,1,3,Travel_Frequently,5
1278690,10,Cardiology,3,Nurse,7,8,80,0,3,Travel_Frequently,3
1118323,4,Maternity,1,Other,3,1,80,0,2,Travel_Rarely,3
1709918,2,Maternity,1,Nurse,2,2,80,0,2,Travel_Rarely,3
1470356,22,Neurology,5,Other,17,15,80,0,3,Travel_Rarely,3
1128374,2,Neurology,1,Other,2,2,80,0,3,Travel_Rarely,2
1508741,7,Cardiology,5,Administrative,0,6,80,1,3,Travel_Rarely,3
1598911,5,Maternity,1,Nurse,4,4,80,1,3,Travel_Rarely,2
1177110,17,Cardiology,4,Administrative,13,9,80,1,3,Travel_Rarely,3
1484656,9,Maternity,1,Nurse,7,7,80,0,3,Travel_Rarely,3
1693414,33,Cardiology,5,Administrative,7,12,80,0,2,Non-Travel,2
1806233,4,Cardiology,1,Other,3,2,80,1,3,Travel_Rarely,5
1127107,3,Maternity,1,Nurse,2,2,80,0,2,Travel_Rarely,2
1548210,3,Maternity,1,Nurse,2,2,80,3,3,Travel_Rarely,1
1857248,3,Cardiology,2,Nurse,2,2,80,0,3,Non-Travel,2
1491722,1,Maternity,2,Other,0,0,80,2,3,Travel_Rarely,2
1548175,9,Maternity,2,Other,8,7,80,2,3,Travel_Rarely,3
1197716,24,Neurology,5,Other,0,7,80,1,4,Travel_Rarely,2
1275604,2,Neurology,3,Other,2,2,80,1,3,Travel_Frequently,3
1632856,2,Maternity,1,Other,2,2,80,1,2,Travel_Rarely,2
1874724,11,Neurology,2,Therapist,9,9,80,1,2,Travel_Rarely,3
1133458,3,Maternity,1,Other,1,2,80,1,2,Travel_Rarely,2
1213490,3,Neurology,2,Therapist,2,2,80,1,4,Travel_Frequently,1
1440072,1,Maternity,3,Therapist,0,0,80,2,3,Travel_Frequently,5
1492815,19,Maternity,3,Nurse,6,8,80,0,3,Travel_Frequently,1
1322829,6,Maternity,1,Other,5,5,80,0,3,Travel_Rarely,1
1453272,3,Maternity,2,Other,2,2,80,0,4,Travel_Rarely,1
1234458,3,Cardiology,2,Nurse,2,2,80,1,3,Travel_Rarely,2
1336242,4,Neurology,2,Therapist,2,2,80,2,3,Travel_Rarely,3
1068917,9,Maternity,1,Nurse,6,8,80,1,2,Travel_Rarely,4
1804073,21,Neurology,5,Other,7,9,80,1,3,Travel_Rarely,5
1435995,1,Maternity,1,Other,0,0,80,0,3,Travel_Rarely,0
1577501,5,Maternity,1,Nurse,4,4,80,0,2,Travel_Frequently,2
1075035,5,Maternity,1,Nurse,1,3,80,0,4,Travel_Frequently,3
1520532,8,Cardiology,2,Nurse,7,5,80,1,2,Non-Travel,0
1593179,6,Maternity,2,Nurse,2,4,80,0,2,Travel_Rarely,5
1244300,7,Cardiology,4,Administrative,7,7,80,1,1,Travel_Rarely,2
1622255,0,Maternity,1,Nurse,0,0,80,0,3,Travel_Rarely,5
1662066,0,Cardiology,2,Nurse,0,0,80,2,2,Travel_Rarely,2
1247928,9,Maternity,2,Nurse,0,8,80,1,2,Travel_Rarely,2
1087213,6,Maternity,2,Nurse,3,5,80,2,4,Non-Travel,2
1269016,20,Maternity,4,Nurse,7,10,80,0,3,Travel_Rarely,2
1416436,15,Maternity,1,Nurse,13,11,80,1,3,Travel_Rarely,4
1124764,36,Neurology,5,Other,10,13,80,0,3,Travel_Rarely,2
1524494,10,Neurology,3,Other,7,9,80,1,3,Non-Travel,2
1376531,5,Maternity,1,Other,2,4,80,1,3,Travel_Rarely,3
1487080,5,Cardiology,2,Nurse,4,1,80,1,3,Travel_Rarely,5
1836214,3,Maternity,1,Other,2,0,80,0,2,Travel_Rarely,4
1397780,5,Neurology,3,Other,2,2,80,2,3,Non-Travel,2
1281199,7,Neurology,3,Other,7,2,80,1,4,Travel_Rarely,6
1566712,8,Cardiology,2,Nurse,0,7,80,1,4,Travel_Rarely,3
1256655,6,Neurology,2,Therapist,5,4,80,1,3,Travel_Frequently,6
1187620,10,Neurology,5,Other,4,6,80,2,3,Travel_Rarely,4
1032001,5,Neurology,4,Other,3,3,80,3,3,Travel_Rarely,5
1220520,20,Cardiology,2,Nurse,16,6,80,0,3,Travel_Rarely,3
1524207,10,Cardiology,2,Nurse,7,9,80,0,3,Travel_Frequently,3
1552398,10,Maternity,2,Nurse,7,8,80,1,3,Travel_Rarely,4
1753629,5,Maternity,2,Nurse,3,3,80,1,3,Travel_Frequently,3
1649314,17,Maternity,1,Other,12,7,80,0,3,Travel_Rarely,3
1353021,1,Maternity,1,Nurse,0,0,80,1,3,Travel_Frequently,0
1704408,2,Maternity,2,Nurse,2,2,80,1,3,Travel_Rarely,2
1031524,3,Maternity,1,Nurse,2,2,80,1,3,Travel_Rarely,2
1124932,5,Maternity,1,Other,3,2,80,0,3,Travel_Rarely,3
1865139,3,Neurology,5,Other,2,2,80,0,3,Travel_Frequently,4
1158764,8,Maternity,2,Other,0,7,80,0,3,Travel_Rarely,2
1794901,2,Cardiology,1,Other,2,2,80,1,3,Travel_Frequently,5
1707521,8,Cardiology,2,Nurse,7,4,80,0,2,Travel_Rarely,0
1628660,4,Maternity,1,Other,2,2,80,3,3,Travel_Frequently,3
1099592,20,Cardiology,4,Nurse,4,8,80,1,3,Travel_Frequently,2
1837825,0,Maternity,1,Nurse,0,0,80,0,3,Travel_Rarely,2
1284393,11,Cardiology,3,Nurse,9,9,80,2,3,Travel_Rarely,3
1720804,1,Maternity,1,Nurse,0,0,80,2,4,Travel_Frequently,2
1749725,4,Neurology,2,Therapist,1,2,80,1,1,Travel_Rarely,3
1460737,22,Cardiology,4,Administrative,10,4,80,0,3,Travel_Rarely,2
1464566,0,Cardiology,1,Other,0,0,80,0,2,Travel_Rarely,2
1608953,8,Maternity,2,Nurse,3,7,80,0,4,Travel_Rarely,2
1162080,8,Cardiology,2,Nurse,7,7,80,1,4,Travel_Rarely,3
1317347,18,Maternity,3,Nurse,10,7,80,3,4,Travel_Rarely,5
1712914,9,Maternity,2,Nurse,8,8,80,1,3,Non-Travel,3
1672940,13,Cardiology,2,Nurse,8,8,80,1,2,Travel_Rarely,3
1535275,10,Maternity,3,Administrative,8,1,80,1,2,Travel_Rarely,2
1505031,5,Maternity,2,Nurse,3,2,80,1,1,Non-Travel,2
1546688,5,Maternity,1,Other,2,3,80,1,3,Travel_Rarely,4
1578970,2,Neurology,2,Other,2,0,80,0,2,Travel_Rarely,1
1304896,24,Maternity,3,Nurse,9,11,80,1,3,Travel_Frequently,2
1685562,2,Maternity,1,Other,2,2,80,1,3,Travel_Rarely,2
1172739,10,Neurology,3,Other,6,8,80,2,3,Travel_Frequently,2
1536502,21,Neurology,4,Other,9,10,80,0,3,Travel_Rarely,3
1837585,8,Maternity,1,Nurse,7,7,80,0,3,Travel_Frequently,5
1230043,7,Maternity,4,Nurse,1,7,80,0,2,Travel_Rarely,2
1202360,8,Maternity,2,Other,2,7,80,0,2,Travel_Rarely,3
1680149,4,Maternity,1,Other,3,2,80,0,3,Travel_Rarely,2
1696143,13,Cardiology,2,Nurse,12,9,80,0,2,Travel_Rarely,2
1773686,5,Cardiology,2,Nurse,4,4,80,0,3,Travel_Rarely,3
1625490,7,Cardiology,2,Nurse,7,7,80,3,3,Travel_Rarely,3
1038656,7,Maternity,2,Other,7,7,80,0,4,Travel_Rarely,0
1323864,3,Maternity,1,Other,2,2,80,0,1,Travel_Rarely,4
1222187,10,Maternity,2,Other,8,9,80,2,3,Travel_Rarely,2
1452875,10,Neurology,3,Therapist,9,9,80,1,2,Travel_Frequently,2
1375684,21,Neurology,5,Other,9,3,80,1,2,Travel_Frequently,2
1864653,1,Cardiology,2,Nurse,0,0,80,0,3,Travel_Rarely,3
1810061,7,Cardiology,2,Nurse,7,1,80,0,2,Travel_Frequently,6
1857574,3,Maternity,5,Administrative,2,1,80,1,3,Travel_Rarely,2
1342581,9,Maternity,2,Nurse,7,0,80,1,2,Travel_Frequently,3
1863408,5,Cardiology,2,Nurse,4,4,80,1,3,Non-Travel,0
1028630,4,Maternity,2,Other,3,3,80,0,3,Travel_Frequently,4
1416430,1,Maternity,3,Nurse,0,0,80,1,3,Travel_Rarely,1
1139398,10,Maternity,2,Other,9,8,80,2,3,Travel_Rarely,3
1267133,4,Cardiology,2,Nurse,3,2,80,3,1,Travel_Rarely,2
1701544,7,Maternity,1,Nurse,7,7,80,0,1,Travel_Rarely,4
1574346,3,Maternity,1,Nurse,2,2,80,0,2,Travel_Rarely,2
1446564,10,Cardiology,2,Nurse,9,2,80,3,2,Travel_Rarely,2
1646930,8,Cardiology,2,Nurse,7,7,80,1,3,Travel_Rarely,3
1514947,6,Neurology,2,Therapist,2,4,80,2,3,Travel_Rarely,2
1650545,11,Maternity,3,Administrative,10,9,80,1,2,Travel_Rarely,3
1549614,11,Neurology,3,Therapist,9,10,80,0,3,Travel_Rarely,2
1259109,7,Cardiology,2,Nurse,7,7,80,2,2,Travel_Rarely,2
1138615,16,Neurology,3,Therapist,6,13,80,0,3,Travel_Rarely,5
1366078,4,Maternity,1,Other,2,2,80,2,3,Travel_Rarely,2
1477474,5,Neurology,2,Therapist,4,2,80,0,2,Travel_Rarely,3
1406287,0,Cardiology,2,Other,0,0,80,0,3,Travel_Frequently,3
1544429,1,Maternity,4,Administrative,0,0,80,0,3,Travel_Rarely,2
1171206,4,Cardiology,2,Nurse,3,2,80,1,3,Non-Travel,3
1634652,3,Neurology,1,Other,2,0,80,1,3,Travel_Rarely,5
1280175,8,Maternity,1,Nurse,0,7,80,1,3,Travel_Rarely,4
1464473,0,Cardiology,3,Administrative,0,0,80,1,3,Travel_Rarely,3
1400436,7,Maternity,2,Other,7,7,80,2,4,Travel_Rarely,2
1465814,2,Cardiology,2,Nurse,2,2,80,1,3,Non-Travel,2
1622008,8,Cardiology,2,Nurse,7,7,80,1,3,Travel_Rarely,3
1679401,1,Maternity,2,Nurse,0,0,80,0,2,Travel_Rarely,6
1612768,3,Cardiology,1,Other,2,2,80,0,2,Travel_Frequently,3
1680323,1,Cardiology,2,Nurse,0,0,80,0,3,Non-Travel,6
1340908,13,Cardiology,3,Nurse,9,12,80,1,2,Travel_Frequently,2
1407209,3,Maternity,2,Nurse,2,2,80,0,3,Travel_Rarely,2
1196631,7,Maternity,1,Nurse,7,7,80,1,4,Travel_Rarely,3
1558158,3,Cardiology,1,Other,2,2,80,0,3,Non-Travel,3
1542984,1,Cardiology,1,Other,0,0,80,0,3,Travel_Rarely,2
1665531,5,Maternity,1,Nurse,4,3,80,1,3,Travel_Rarely,3
1815564,1,Neurology,2,Therapist,0,0,80,0,3,Non-Travel,2
1866571,8,Cardiology,2,Nurse,7,7,80,0,3,Travel_Frequently,5
1589819,4,Maternity,3,Nurse,3,3,80,0,2,Travel_Rarely,2
1645744,6,Cardiology,2,Nurse,4,0,80,2,2,Travel_Rarely,6
1235953,2,Maternity,1,Other,2,2,80,0,2,Travel_Rarely,5
1034442,1,Cardiology,1,Other,0,0,80,0,4,Travel_Rarely,0
1616596,3,Maternity,1,Other,2,2,80,0,3,Travel_Rarely,4
1078791,1,Maternity,2,Nurse,1,0,80,0,2,Travel_Rarely,5
1513965,5,Maternity,1,Nurse,2,4,80,1,3,Travel_Rarely,2
1786169,7,Cardiology,2,Nurse,5,7,80,0,3,Travel_Rarely,1
1377506,5,Maternity,3,Nurse,2,0,80,0,2,Travel_Rarely,2
1653415,7,Cardiology,2,Nurse,7,7,80,1,3,Travel_Rarely,2
1125672,2,Maternity,1,Other,2,2,80,1,3,Travel_Rarely,3
1629676,5,Cardiology,2,Nurse,2,4,80,0,4,Non-Travel,3
1121223,5,Neurology,4,Other,4,2,80,0,3,Travel_Rarely,2
1339400,5,Cardiology,2,Nurse,2,3,80,1,3,Travel_Rarely,2
1382648,1,Cardiology,1,Other,0,0,80,1,3,Travel_Rarely,3
1685681,6,Maternity,1,Other,4,4,80,0,3,Travel_Frequently,2
1700683,2,Maternity,1,Other,1,2,80,1,3,Travel_Rarely,1
1634874,10,Cardiology,3,Nurse,9,0,80,2,2,Travel_Rarely,2
1362644,1,Maternity,1,Other,0,0,80,0,3,Travel_Frequently,4
1286933,18,Maternity,1,Nurse,7,17,80,1,3,Travel_Rarely,2
1848633,5,Cardiology,2,Nurse,4,3,80,2,3,Travel_Rarely,5
1065198,5,Maternity,1,Nurse,2,2,80,1,3,Travel_Rarely,5
1703984,1,Maternity,2,Therapist,0,1,80,0,3,Travel_Rarely,2
1538992,25,Maternity,4,Administrative,10,9,80,1,2,Travel_Rarely,3
1488170,1,Maternity,2,Nurse,0,0,80,1,2,Travel_Rarely,3
1530826,4,Maternity,5,Administrative,2,2,80,1,3,Travel_Rarely,4
1550660,3,Cardiology,2,Nurse,2,2,80,1,3,Non-Travel,3
1766543,13,Neurology,2,Therapist,10,12,80,1,3,Travel_Rarely,5
1241240,3,Maternity,1,Nurse,2,2,80,1,3,Travel_Frequently,1
1616188,5,Maternity,2,Nurse,2,2,80,0,3,Travel_Rarely,3
1068776,5,Cardiology,2,Nurse,4,3,80,0,2,Travel_Rarely,3
1514615,13,Maternity,2,Other,11,7,80,2,3,Non-Travel,2
1413436,4,Maternity,1,Nurse,2,2,80,1,2,Travel_Rarely,3
1660433,21,Neurology,5,Other,8,6,80,1,3,Travel_Frequently,3
1415736,7,Cardiology,4,Nurse,7,7,80,3,4,Travel_Frequently,0
1356712,5,Cardiology,2,Nurse,4,4,80,0,3,Travel_Rarely,6
1482423,10,Cardiology,3,Nurse,7,7,80,1,4,Travel_Rarely,2
1735186,10,Maternity,2,Nurse,0,8,80,1,3,Travel_Rarely,2
1303791,2,Maternity,1,Nurse,2,2,80,1,3,Travel_Rarely,5
1595705,5,Neurology,3,Therapist,4,4,80,0,2,Travel_Rarely,4
1314827,2,Maternity,1,Other,2,2,80,2,3,Travel_Rarely,3
1499671,5,Neurology,4,Other,2,4,80,0,3,Travel_Rarely,2
1085614,5,Maternity,2,Other,4,2,80,1,3,Travel_Frequently,3
1635763,5,Neurology,2,Therapist,4,2,80,0,1,Travel_Rarely,2
1031735,29,Neurology,5,Other,8,10,80,0,3,Travel_Rarely,5
1787984,10,Maternity,2,Therapist,7,8,80,1,3,Travel_Rarely,5
1867121,6,Maternity,2,Nurse,5,4,80,3,2,Travel_Frequently,4
1377208,5,Cardiology,1,Other,3,4,80,0,3,Travel_Rarely,4
1548908,2,Cardiology,1,Other,2,0,80,1,1,Travel_Frequently,3
1501749,1,Maternity,1,Nurse,0,0,80,1,3,Travel_Frequently,3
1317087,20,Cardiology,5,Administrative,15,12,80,0,3,Travel_Rarely,2
1865341,3,Maternity,1,Other,2,2,80,2,3,Travel_Rarely,3
1051420,5,Maternity,1,Nurse,3,4,80,1,3,Non-Travel,3
1589813,10,Maternity,3,Administrative,2,7,80,0,2,Travel_Rarely,2
1297138,2,Maternity,1,Other,2,1,80,0,2,Travel_Rarely,2
1191505,1,Neurology,1,Other,0,0,80,0,2,Travel_Rarely,3
1708021,9,Cardiology,3,Nurse,8,8,80,0,3,Non-Travel,3
1353649,1,Cardiology,4,Administrative,0,0,80,1,2,Travel_Rarely,3
1669573,27,Neurology,4,Other,10,7,80,1,2,Travel_Rarely,2
1613984,11,Maternity,1,Nurse,7,7,80,0,3,Non-Travel,2
1269877,18,Cardiology,3,Nurse,13,11,80,0,2,Travel_Frequently,5
1593662,5,Neurology,2,Therapist,0,4,80,3,3,Travel_Rarely,2
1580340,3,Maternity,4,Administrative,2,1,80,0,3,Travel_Rarely,2
1354096,5,Maternity,1,Nurse,4,3,80,0,1,Travel_Rarely,2
1667303,1,Maternity,2,Nurse,0,0,80,0,3,Travel_Rarely,3
1095688,7,Maternity,1,Other,3,7,80,1,2,Travel_Rarely,3
1725110,13,Maternity,3,Therapist,8,8,80,1,3,Travel_Rarely,6
1563027,7,Neurology,3,Other,6,7,80,0,3,Travel_Rarely,2
1173414,4,Maternity,1,Nurse,3,3,80,3,1,Travel_Rarely,2
1188476,3,Cardiology,1,Other,2,2,80,0,3,Travel_Rarely,3
1204541,8,Maternity,3,Nurse,7,0,80,0,3,Travel_Rarely,2
1736866,1,Maternity,3,Nurse,0,0,80,0,3,Travel_Frequently,2
1776529,3,Neurology,3,Other,2,2,80,3,3,Travel_Frequently,2
1489398,2,Maternity,1,Nurse,2,0,80,1,3,Travel_Frequently,4
1673608,10,Cardiology,3,Nurse,3,7,80,0,3,Non-Travel,3
1107497,2,Maternity,1,Nurse,2,2,80,0,2,Travel_Frequently,3
1096432,9,Cardiology,2,Nurse,7,7,80,1,3,Travel_Rarely,2
1045162,10,Cardiology,4,Administrative,9,7,80,0,3,Travel_Rarely,2
1756239,14,Cardiology,2,Nurse,3,10,80,0,3,Non-Travel,3
1372229,11,Cardiology,2,Nurse,9,9,80,0,3,Travel_Rarely,2
1413753,20,Neurology,4,Therapist,6,13,80,0,3,Travel_Rarely,3
1394294,8,Maternity,1,Nurse,3,7,80,1,3,Travel_Frequently,3
1233772,6,Cardiology,2,Nurse,5,5,80,0,3,Travel_Rarely,2
1882668,10,Maternity,3,Therapist,9,8,80,1,3,Travel_Rarely,5
1218847,8,Cardiology,2,Nurse,7,7,80,1,3,Travel_Rarely,3
1636995,7,Neurology,1,Other,7,0,80,1,3,Travel_Frequently,2
1780761,3,Maternity,2,Therapist,2,2,80,2,3,Travel_Rarely,2
1375351,6,Maternity,4,Administrative,1,5,80,1,4,Travel_Rarely,2
1670281,5,Cardiology,3,Administrative,4,1,80,1,2,Travel_Rarely,3
1138891,0,Cardiology,1,Other,0,0,80,0,3,Travel_Frequently,3
1755403,1,Cardiology,3,Nurse,0,1,80,1,1,Non-Travel,2
1566630,8,Maternity,2,Nurse,7,7,80,0,2,Non-Travel,3
1777635,0,Cardiology,2,Nurse,0,0,80,2,3,Travel_Rarely,5
1427912,5,Cardiology,2,Nurse,4,3,80,0,3,Travel_Rarely,3
1884554,10,Cardiology,2,Nurse,7,7,80,0,4,Travel_Rarely,3
1335605,1,Maternity,1,Nurse,0,0,80,0,1,Travel_Rarely,3
1361476,6,Neurology,3,Therapist,5,2,80,0,3,Travel_Rarely,3
1057253,2,Maternity,3,Nurse,2,2,80,0,3,Travel_Frequently,3
1617735,18,Cardiology,4,Administrative,16,8,80,1,3,Travel_Rarely,2
1037353,9,Cardiology,3,Nurse,5,7,80,1,3,Non-Travel,6
1455020,10,Maternity,2,Other,9,9,80,2,3,Travel_Rarely,3
1689256,4,Cardiology,2,Nurse,2,2,80,0,4,Non-Travel,2
1793245,2,Cardiology,1,Other,2,1,80,2,3,Travel_Frequently,3
1267131,1,Maternity,2,Nurse,0,0,80,1,3,Travel_Rarely,4
1105684,6,Neurology,2,Therapist,5,3,80,1,3,Travel_Rarely,2
1206385,31,Maternity,5,Administrative,9,9,80,1,2,Travel_Rarely,5
1487282,6,Maternity,1,Other,5,4,80,2,4,Travel_Rarely,3
1295289,5,Cardiology,2,Nurse,3,4,80,2,3,Travel_Rarely,5
1875209,1,Maternity,1,Nurse,0,0,80,1,2,Travel_Rarely,2
1079394,32,Neurology,5,Administrative,5,7,80,1,3,Travel_Frequently,2
1353559,7,Cardiology,1,Other,4,6,80,0,3,Travel_Rarely,1
1119549,6,Maternity,1,Nurse,3,2,80,1,3,Travel_Frequently,4
1209208,1,Cardiology,1,Other,0,0,80,1,2,Travel_Frequently,2
1228187,6,Maternity,1,Other,5,3,80,1,2,Travel_Rarely,3
1090528,3,Cardiology,2,Nurse,1,2,80,0,3,Travel_Rarely,2
1665575,3,Maternity,2,Nurse,2,2,80,0,2,Travel_Rarely,3
1761086,7,Cardiology,2,Nurse,7,7,80,2,4,Travel_Rarely,4
1591129,5,Maternity,1,Other,3,3,80,2,2,Travel_Rarely,5
1518444,3,Cardiology,2,Nurse,0,0,80,1,3,Travel_Rarely,3
1814200,10,Maternity,2,Nurse,2,2,80,2,3,Travel_Rarely,4
1669153,1,Maternity,4,Administrative,0,0,80,1,2,Travel_Rarely,3
1668455,0,Maternity,1,Other,0,0,80,0,3,Travel_Rarely,3
1251852,8,Maternity,2,Nurse,7,7,80,1,3,Travel_Frequently,3
1589946,3,Neurology,4,Other,2,2,80,1,2,Travel_Rarely,3
1580530,2,Neurology,2,Other,2,2,80,0,2,Travel_Rarely,1
1718961,8,Cardiology,1,Other,2,6,80,2,3,Travel_Rarely,3
1792606,4,Cardiology,1,Other,3,2,80,1,3,Travel_Rarely,3
1147261,3,Cardiology,1,Other,2,2,80,0,3,Travel_Rarely,2
1434704,2,Neurology,5,Other,2,1,80,1,3,Travel_Rarely,2
1794793,2,Maternity,1,Other,2,2,80,0,3,Travel_Rarely,3
1034561,5,Cardiology,2,Nurse,0,2,80,0,3,Travel_Rarely,3
1745732,6,Maternity,2,Other,4,5,80,1,3,Travel_Rarely,2
1477313,1,Maternity,1,Other,0,0,80,1,3,Travel_Frequently,2
1624205,14,Cardiology,2,Nurse,7,10,80,0,3,Travel_Rarely,2
1641585,10,Maternity,1,Other,9,8,80,1,3,Travel_Rarely,4
1080875,1,Cardiology,2,Nurse,1,0,80,2,3,Travel_Frequently,4
1551597,3,Maternity,1,Nurse,2,2,80,1,3,Travel_Rarely,2
1498477,10,Neurology,3,Therapist,7,8,80,1,3,Travel_Rarely,2
1507332,6,Cardiology,2,Nurse,0,2,80,1,3,Travel_Rarely,5
1398672,17,Maternity,2,Other,11,8,80,0,1,Travel_Rarely,3
1179356,13,Maternity,2,Nurse,11,7,80,1,3,Travel_Frequently,2
1414067,9,Neurology,3,Other,7,1,80,1,3,Travel_Rarely,1
1285109,3,Maternity,2,Therapist,2,2,80,1,2,Travel_Rarely,2
1699009,4,Maternity,1,Other,2,1,80,0,2,Travel_Rarely,0
1547538,1,Maternity,1,Other,0,1,80,0,3,Travel_Rarely,5
1712154,10,Maternity,1,Other,8,7,80,0,3,Travel_Frequently,3
1715015,1,Maternity,1,Nurse,0,0,80,2,2,Non-Travel,3
1344006,3,Maternity,1,Other,2,2,80,1,4,Travel_Rarely,3
1136352,3,Cardiology,2,Nurse,2,2,80,1,4,Travel_Rarely,4
1767421,7,Cardiology,2,Nurse,7,5,80,0,2,Travel_Rarely,2
1196090,10,Maternity,1,Other,7,8,80,1,1,Travel_Frequently,5
1202761,2,Cardiology,2,Nurse,2,2,80,0,4,Travel_Rarely,3
1288214,6,Cardiology,2,Nurse,5,4,80,2,4,Travel_Frequently,3
1510616,1,Maternity,1,Other,0,0,80,0,4,Travel_Rarely,2
1824855,20,Maternity,1,Nurse,8,8,80,3,4,Travel_Rarely,3
1700617,8,Maternity,3,Nurse,7,7,80,0,2,Travel_Rarely,3
1589131,2,Cardiology,2,Nurse,2,0,80,0,3,Travel_Rarely,3
1634766,20,Maternity,2,Nurse,7,10,80,0,2,Travel_Rarely,4
1248364,10,Cardiology,2,Nurse,7,8,80,0,3,Travel_Rarely,2
1844102,4,Cardiology,2,Nurse,3,3,80,1,3,Travel_Frequently,4
1180968,9,Maternity,2,Nurse,7,8,80,0,4,Travel_Rarely,4
1705991,9,Neurology,3,Therapist,7,7,80,0,3,Travel_Rarely,3
1533978,7,Maternity,3,Administrative,7,7,80,0,3,Travel_Rarely,6
1838364,7,Cardiology,2,Nurse,7,7,80,0,3,Travel_Rarely,2
1886378,18,Cardiology,3,Nurse,13,12,80,1,2,Travel_Frequently,2
1217160,5,Maternity,4,Administrative,1,3,80,0,4,Travel_Rarely,3
1494989,21,Neurology,5,Administrative,6,6,80,3,2,Travel_Rarely,2
1180556,2,Cardiology,2,Nurse,2,2,80,0,3,Travel_Rarely,1
1271756,9,Maternity,3,Therapist,7,7,80,2,3,Travel_Frequently,4
1786662,22,Neurology,5,Administrative,7,10,80,1,2,Travel_Rarely,3
1713058,2,Cardiology,1,Other,2,2,80,1,3,Travel_Rarely,2
1879624,7,Maternity,1,Other,7,7,80,0,1,Travel_Rarely,4
1530315,8,Maternity,3,Administrative,7,5,80,1,4,Non-Travel,2
1589247,1,Neurology,3,Therapist,0,0,80,0,3,Travel_Rarely,4
1347933,5,Maternity,1,Nurse,2,4,80,0,1,Non-Travel,5
1031434,22,Cardiology,4,Nurse,2,13,80,2,3,Travel_Frequently,2
1699255,8,Cardiology,2,Nurse,7,7,80,1,3,Travel_Rarely,2
1670081,1,Cardiology,1,Other,0,0,80,0,3,Travel_Rarely,6
1542367,2,Maternity,1,Other,2,2,80,0,4,Travel_Frequently,2
1259211,2,Cardiology,2,Nurse,2,2,80,1,2,Travel_Frequently,5
1758544,5,Maternity,2,Nurse,1,3,80,0,3,Travel_Rarely,2
1545288,4,Maternity,1,Nurse,3,2,80,1,3,Travel_Rarely,2
1121259,8,Neurology,2,Other,3,6,80,1,4,Travel_Rarely,3
1126307,10,Maternity,4,Nurse,7,1,80,0,3,Travel_Rarely,1
1400061,4,Maternity,1,Other,2,3,80,0,2,Travel_Rarely,2
1855799,7,Maternity,2,Nurse,6,7,80,0,2,Travel_Rarely,2
1639147,2,Cardiology,1,Other,2,2,80,2,3,Travel_Rarely,2
1446990,2,Maternity,2,Nurse,2,2,80,0,3,Travel_Rarely,4
1446447,1,Maternity,2,Nurse,0,0,80,1,3,Non-Travel,2
1729159,10,Maternity,2,Nurse,8,7,80,2,3,Travel_Frequently,2
1808474,1,Maternity,1,Other,0,1,80,1,3,Travel_Rarely,0
1254029,0,Cardiology,2,Therapist,0,0,80,1,3,Travel_Rarely,3
1581250,34,Cardiology,4,Administrative,6,16,80,0,2,Travel_Rarely,3
1269152,10,Maternity,1,Other,9,8,80,0,3,Travel_Rarely,2
1615430,6,Cardiology,2,Nurse,5,4,80,0,3,Travel_Rarely,5
1186983,8,Cardiology,2,Other,7,1,80,0,1,Travel_Rarely,3
1570791,2,Maternity,1,Other,2,2,80,0,4,Travel_Rarely,3
1052229,5,Cardiology,2,Nurse,4,3,80,0,4,Travel_Frequently,2
1551168,6,Cardiology,2,Nurse,5,4,80,0,3,Travel_Rarely,5
1699666,5,Neurology,5,Other,2,4,80,1,3,Travel_Rarely,2
1521095,10,Cardiology,3,Nurse,7,9,80,0,2,Non-Travel,1
1224712,4,Maternity,1,Other,3,2,80,1,3,Non-Travel,3
1238998,2,Maternity,1,Nurse,2,0,80,1,1,Travel_Frequently,2
1541532,8,Maternity,2,Nurse,7,1,80,1,3,Travel_Rarely,3
1152345,4,Cardiology,2,Nurse,3,2,80,0,2,Travel_Rarely,2
1830116,4,Maternity,1,Other,2,3,80,0,4,Travel_Rarely,2
1755563,5,Maternity,2,Therapist,3,4,80,2,3,Travel_Rarely,4
1660820,4,Cardiology,2,Nurse,2,1,80,1,3,Travel_Frequently,3
1150067,5,Maternity,1,Other,3,3,80,2,3,Travel_Rarely,3
1862559,15,Neurology,2,Therapist,7,12,80,0,4,Travel_Frequently,2
1107380,6,Maternity,1,Other,5,3,80,0,2,Travel_Rarely,3
1734641,3,Cardiology,1,Other,2,2,80,1,3,Travel_Rarely,1
1298935,2,Maternity,1,Nurse,2,2,80,2,1,Travel_Rarely,2
1025177,8,Maternity,2,Nurse,7,7,80,1,4,Travel_Frequently,2
1546242,3,Cardiology,2,Nurse,2,2,80,1,3,Travel_Rarely,1
1288565,24,Neurology,5,Other,7,9,80,1,3,Travel_Frequently,4
1572087,0,Maternity,1,Nurse,0,0,80,2,4,Travel_Rarely,2
1451315,1,Maternity,1,Nurse,0,0,80,3,2,Non-Travel,4
1755899,5,Maternity,2,Nurse,2,4,80,1,3,Travel_Rarely,3
1330421,4,Maternity,4,Administrative,3,3,80,0,3,Travel_Rarely,3
1187355,1,Maternity,1,Nurse,0,0,80,1,2,Travel_Rarely,1
1297416,13,Maternity,3,Administrative,9,7,80,0,3,Travel_Rarely,3
1161558,3,Cardiology,2,Nurse,2,2,80,0,3,Travel_Rarely,3
1069822,26,Neurology,4,Other,14,0,80,1,3,Travel_Rarely,3
1418243,9,Neurology,2,Therapist,7,5,80,1,3,Travel_Rarely,2
1312456,10,Maternity,1,Other,7,7,80,1,4,Travel_Rarely,3
1294456,31,Maternity,5,Administrative,15,8,80,0,3,Travel_Rarely,2
1637745,2,Maternity,1,Other,2,2,80,0,4,Travel_Rarely,0
1307498,4,Neurology,2,Therapist,3,2,80,1,2,Travel_Rarely,4
1759857,2,Maternity,1,Other,2,1,80,0,3,Travel_Rarely,3
1675215,5,Neurology,1,Other,2,4,80,1,3,Travel_Rarely,2
1845955,14,Neurology,2,Therapist,13,8,80,1,2,Travel_Rarely,3
1178013,1,Maternity,2,Nurse,0,0,80,0,2,Travel_Frequently,6
1266910,0,Neurology,2,Therapist,0,0,80,0,2,Travel_Rarely,4
1643001,1,Maternity,1,Other,0,0,80,0,2,Travel_Rarely,3
1804767,9,Maternity,2,Therapist,8,8,80,1,3,Travel_Rarely,3
1686305,4,Maternity,2,Nurse,3,2,80,1,2,Travel_Frequently,3
1375250,5,Maternity,1,Other,2,3,80,0,2,Travel_Frequently,3
1744940,9,Cardiology,3,Nurse,8,7,80,2,3,Travel_Rarely,3
1545377,9,Cardiology,2,Nurse,7,3,80,0,3,Travel_Rarely,3
1282527,4,Maternity,4,Administrative,1,0,80,1,3,Travel_Rarely,3
1266242,9,Maternity,3,Administrative,8,8,80,1,2,Travel_Rarely,3
1668361,8,Neurology,3,Therapist,5,6,80,0,3,Travel_Rarely,3
1574775,8,Cardiology,2,Nurse,7,5,80,0,3,Travel_Rarely,2
1822365,3,Neurology,1,Other,2,2,80,1,3,Travel_Rarely,1
1082176,8,Maternity,1,Other,7,7,80,1,2,Travel_Frequently,2
1415673,0,Maternity,1,Other,0,0,80,3,3,Non-Travel,6
1455518,20,Cardiology,4,Administrative,6,17,80,1,3,Travel_Rarely,2
1117532,5,Maternity,2,Nurse,2,3,80,0,3,Travel_Rarely,2
1450149,4,Maternity,1,Other,3,1,80,0,4,Travel_Rarely,3
1826341,9,Cardiology,2,Nurse,8,8,80,1,4,Travel_Rarely,5
1276016,6,Maternity,1,Other,5,1,80,0,2,Travel_Rarely,3
1193450,18,Cardiology,2,Nurse,14,11,80,1,3,Travel_Rarely,1
1119237,5,Cardiology,2,Nurse,2,3,80,1,3,Travel_Rarely,3
1077496,5,Maternity,1,Other,4,3,80,1,2,Travel_Frequently,3
1689022,5,Cardiology,3,Nurse,2,4,80,1,2,Travel_Rarely,3
1580740,5,Cardiology,3,Nurse,4,2,80,1,3,Travel_Rarely,2
1214731,5,Maternity,2,Other,3,3,80,1,4,Travel_Rarely,3
1501967,9,Maternity,4,Therapist,8,0,80,0,2,Travel_Frequently,3
1659259,1,Cardiology,2,Nurse,0,0,80,2,2,Travel_Rarely,2
1851689,5,Neurology,1,Other,1,4,80,1,2,Travel_Rarely,6
1578894,2,Neurology,2,Therapist,2,2,80,2,2,Travel_Rarely,2
1147768,3,Maternity,1,Nurse,2,2,80,1,4,Travel_Rarely,2
1341422,2,Maternity,1,Other,1,2,80,0,3,Travel_Frequently,2
1524503,5,Neurology,1,Other,4,3,80,0,2,Travel_Rarely,3
1643524,5,Cardiology,2,Nurse,3,3,80,0,3,Travel_Rarely,3
1330630,17,Maternity,3,Therapist,14,15,80,1,2,Travel_Rarely,2
1050771,10,Maternity,1,Other,2,8,80,1,3,Travel_Frequently,3
1864456,3,Maternity,1,Nurse,0,2,80,1,3,Non-Travel,2
1252375,5,Cardiology,2,Nurse,2,3,80,0,2,Travel_Rarely,1
1127921,4,Maternity,1,Other,2,2,80,1,3,Travel_Rarely,2
1122784,5,Maternity,1,Nurse,2,4,80,0,2,Non-Travel,2
1767740,10,Cardiology,2,Nurse,8,3,80,1,3,Travel_Frequently,3
1740909,2,Cardiology,1,Other,2,2,80,1,2,Travel_Rarely,3
1395500,5,Maternity,2,Nurse,3,3,80,1,4,Travel_Rarely,1
1253827,6,Maternity,1,Other,4,2,80,1,3,Travel_Rarely,2
1329687,3,Cardiology,1,Other,2,2,80,3,2,Travel_Rarely,3
1221211,2,Cardiology,4,Nurse,0,2,80,1,3,Travel_Rarely,3
1731227,13,Maternity,3,Therapist,10,8,80,0,2,Travel_Rarely,2
1716658,5,Cardiology,1,Other,4,0,80,1,3,Travel_Frequently,3
1856275,12,Maternity,4,Administrative,9,8,80,0,3,Travel_Rarely,0
1780189,5,Maternity,2,Nurse,2,2,80,1,3,Travel_Frequently,2
1662886,7,Cardiology,2,Nurse,6,7,80,1,3,Travel_Rarely,2
1455944,10,Cardiology,3,Nurse,0,9,80,0,3,Non-Travel,2
1597875,31,Neurology,4,Other,6,7,80,1,3,Non-Travel,3
1514580,5,Neurology,2,Other,4,4,80,2,2,Travel_Rarely,2
1457833,4,Neurology,1,Other,3,3,80,1,3,Travel_Rarely,4
1406364,1,Maternity,1,Nurse,0,1,80,0,3,Travel_Rarely,2
1574807,4,Maternity,1,Nurse,3,3,80,3,2,Travel_Rarely,5
1423464,8,Maternity,1,Other,7,1,80,0,3,Travel_Rarely,0
1592499,4,Cardiology,2,Nurse,2,2,80,0,3,Travel_Rarely,3
1870106,1,Maternity,1,Nurse,0,0,80,1,2,Travel_Frequently,3
1860698,1,Cardiology,2,Therapist,0,0,80,1,3,Travel_Rarely,2
1334434,2,Cardiology,1,Other,2,2,80,0,2,Travel_Rarely,3
1657594,1,Maternity,1,Other,0,0,80,0,3,Travel_Rarely,3
1497902,16,Maternity,2,Nurse,8,11,80,1,3,Travel_Rarely,2
1289682,3,Cardiology,1,Other,2,2,80,0,2,Travel_Rarely,3
1185964,3,Neurology,2,Therapist,2,2,80,1,3,Travel_Rarely,3
1179676,7,Maternity,1,Nurse,7,0,80,1,1,Travel_Rarely,1
1034373,2,Maternity,1,Other,2,2,80,1,3,Travel_Rarely,2
1126499,2,Maternity,1,Nurse,2,2,80,0,3,Travel_Rarely,2
1334359,1,Maternity,1,Other,1,0,80,0,3,Travel_Rarely,2
1254150,1,Maternity,1,Nurse,0,0,80,2,3,Travel_Rarely,3
1206644,5,Cardiology,2,Nurse,4,3,80,0,2,Travel_Rarely,6
1766963,3,Maternity,1,Other,2,2,80,0,2,Travel_Rarely,1
1795081,6,Maternity,3,Nurse,0,4,80,1,2,Travel_Rarely,3
1213565,7,Cardiology,1,Other,7,2,80,0,2,Travel_Rarely,2
1416487,10,Maternity,2,Nurse,6,7,80,1,3,Travel_Rarely,2
1314640,26,Maternity,3,Nurse,9,7,80,1,3,Travel_Rarely,3
1186466,0,Maternity,1,Other,0,0,80,2,3,Travel_Rarely,2
1749032,9,Cardiology,2,Nurse,8,0,80,1,3,Non-Travel,2
1674536,6,Maternity,1,Other,2,1,80,0,3,Travel_Rarely,6
1327078,15,Maternity,3,Administrative,12,11,80,1,3,Travel_Rarely,3
1738679,3,Maternity,1,Nurse,0,2,80,0,2,Non-Travel,3
1117151,1,Cardiology,1,Other,0,0,80,3,2,Travel_Rarely,2
1732657,1,Cardiology,3,Nurse,0,0,80,1,2,Travel_Rarely,2
1840229,7,Cardiology,2,Nurse,7,7,80,0,2,Travel_Frequently,2
1179217,18,Maternity,1,Nurse,13,17,80,0,3,Travel_Rarely,3
1612583,11,Maternity,1,Nurse,8,9,80,0,3,Travel_Rarely,6
1115854,1,Cardiology,1,Other,0,0,80,0,2,Travel_Rarely,3
1306693,1,Maternity,1,Nurse,0,0,80,0,3,Travel_Rarely,2
1142961,9,Maternity,2,Nurse,7,5,80,2,3,Travel_Rarely,2
1578228,1,Maternity,1,Other,1,0,80,1,3,Travel_Frequently,2
1607811,8,Neurology,2,Therapist,7,3,80,1,3,Travel_Rarely,2
1157826,16,Cardiology,3,Nurse,7,7,80,1,2,Travel_Rarely,6
1863388,5,Maternity,2,Nurse,0,4,80,0,2,Travel_Rarely,3
1818424,14,Cardiology,3,Nurse,1,7,80,0,2,Travel_Rarely,2
1707397,9,Maternity,2,Nurse,7,8,80,0,3,Non-Travel,5
1742953,3,Cardiology,1,Other,1,2,80,1,3,Travel_Frequently,5
1416528,5,Cardiology,2,Nurse,2,0,80,0,3,Travel_Rarely,3
1376209,9,Neurology,4,Other,8,8,80,1,3,Travel_Rarely,2
1238813,1,Maternity,1,Other,0,0,80,0,3,Travel_Rarely,4
1715239,17,Cardiology,4,Administrative,13,2,80,1,3,Travel_Rarely,3
1688979,8,Cardiology,3,Nurse,4,7,80,1,3,Travel_Rarely,2
1297623,5,Cardiology,2,Nurse,3,3,80,0,3,Non-Travel,1
1685947,10,Cardiology,3,Nurse,9,8,80,1,3,Travel_Rarely,2
1785279,8,Cardiology,3,Nurse,7,7,80,0,4,Travel_Rarely,3
1378606,1,Cardiology,4,Nurse,0,0,80,0,4,Non-Travel,2
1118201,19,Maternity,2,Therapist,10,7,80,0,4,Travel_Frequently,3
1866341,7,Cardiology,2,Nurse,7,7,80,2,3,Non-Travel,3
1649317,3,Maternity,1,Other,2,2,80,0,2,Non-Travel,0
1281310,10,Cardiology,4,Administrative,8,0,80,0,3,Non-Travel,2
1658398,0,Maternity,1,Other,0,0,80,0,2,Travel_Rarely,5
1462108,3,Maternity,1,Other,2,2,80,0,3,Travel_Rarely,4
1790357,5,Maternity,1,Nurse,3,2,80,2,3,Travel_Rarely,2
1752868,5,Maternity,4,Administrative,4,3,80,1,3,Travel_Rarely,1
1324348,6,Maternity,2,Nurse,5,2,80,1,4,Travel_Frequently,2
1576599,18,Maternity,5,Administrative,16,11,80,1,3,Travel_Frequently,2
1381113,2,Maternity,1,Nurse,2,2,80,1,3,Travel_Rarely,2
1591865,9,Maternity,2,Nurse,8,8,80,1,3,Non-Travel,2
1321447,9,Cardiology,2,Nurse,0,7,80,0,3,Travel_Rarely,0
1034220,5,Maternity,1,Other,2,1,80,0,3,Travel_Rarely,2
1359967,12,Maternity,4,Therapist,11,5,80,1,3,Travel_Rarely,2
1662076,2,Maternity,1,Other,1,2,80,1,3,Travel_Frequently,0
1555678,8,Neurology,3,Therapist,7,7,80,1,3,Travel_Rarely,3
1071870,4,Maternity,2,Therapist,2,2,80,2,2,Travel_Rarely,6
1690577,4,Maternity,1,Nurse,2,2,80,1,2,Travel_Rarely,2
1109596,4,Neurology,2,Therapist,3,3,80,1,3,Travel_Frequently,1
1483743,0,Maternity,1,Other,0,0,80,0,3,Non-Travel,2
1100306,10,Maternity,3,Therapist,7,8,80,1,3,Travel_Rarely,2
1667869,16,Maternity,3,Nurse,10,1,80,1,3,Travel_Rarely,3
1079832,8,Maternity,3,Administrative,7,7,80,3,4,Travel_Rarely,4
1236529,1,Maternity,1,Other,0,0,80,0,2,Travel_Rarely,2
1233733,3,Maternity,1,Nurse,2,2,80,0,3,Travel_Frequently,3
1824641,8,Neurology,2,Therapist,7,3,80,0,4,Travel_Rarely,2
1559236,4,Maternity,1,Nurse,3,1,80,1,1,Travel_Rarely,3
1362920,2,Maternity,2,Nurse,2,2,80,0,2,Travel_Rarely,0
1374656,15,Maternity,3,Nurse,11,8,80,0,2,Travel_Rarely,3
1541429,2,Cardiology,2,Therapist,2,1,80,0,3,Travel_Rarely,6
1383639,3,Neurology,2,Therapist,2,2,80,1,3,Travel_Rarely,2
1631280,3,Maternity,1,Nurse,2,2,80,1,3,Travel_Rarely,4
1212094,1,Cardiology,5,Administrative,0,0,80,0,3,Travel_Rarely,3
1509823,1,Maternity,1,Nurse,0,0,80,0,3,Travel_Rarely,5
1297098,5,Neurology,4,Therapist,3,3,80,0,2,Travel_Rarely,4
1664278,1,Maternity,2,Nurse,0,0,80,0,1,Travel_Rarely,2
1316661,8,Maternity,2,Nurse,7,7,80,2,3,Travel_Frequently,3
1633200,21,Maternity,5,Administrative,16,10,80,2,1,Non-Travel,3
1480769,1,Cardiology,2,Nurse,0,0,80,0,3,Travel_Rarely,1
1665250,2,Cardiology,2,Nurse,2,2,80,0,1,Non-Travel,6
1476575,32,Cardiology,5,Administrative,14,9,80,1,1,Travel_Rarely,3
1580401,12,Cardiology,4,Nurse,11,11,80,1,4,Travel_Rarely,2
1735028,18,Cardiology,2,Nurse,7,13,80,1,3,Non-Travel,3
1330619,17,Maternity,1,Nurse,13,14,80,0,4,Travel_Rarely,1
1142212,21,Maternity,3,Therapist,6,8,80,0,3,Travel_Frequently,2
1239925,2,Cardiology,1,Other,2,2,80,0,2,Non-Travel,2
1477537,9,Cardiology,4,Administrative,3,1,80,1,3,Travel_Rarely,4
1404854,8,Maternity,1,Nurse,7,7,80,0,3,Non-Travel,2
1401928,15,Cardiology,2,Nurse,1,9,80,1,4,Travel_Rarely,2
1041678,6,Cardiology,3,Administrative,4,4,80,1,3,Travel_Rarely,1
1568634,6,Neurology,1,Other,3,4,80,0,3,Travel_Rarely,3
1763986,15,Cardiology,3,Nurse,7,12,80,1,2,Travel_Frequently,2
1721556,1,Maternity,2,Nurse,0,0,80,1,3,Travel_Rarely,3
1631537,3,Maternity,1,Other,2,2,80,1,3,Travel_Frequently,2
1277508,1,Cardiology,1,Other,1,0,80,1,3,Travel_Rarely,2
1873017,1,Cardiology,1,Other,0,0,80,0,3,Travel_Rarely,5
1776541,2,Maternity,1,Other,2,2,80,1,3,Travel_Frequently,2
1545738,8,Maternity,5,Administrative,1,7,80,1,3,Travel_Rarely,2
1775055,4,Maternity,2,Nurse,3,1,80,0,3,Travel_Rarely,3
1087619,7,Cardiology,2,Nurse,7,5,80,1,3,Travel_Rarely,3
1409664,5,Maternity,1,Other,3,3,80,2,2,Travel_Frequently,5
1206462,2,Maternity,5,Administrative,2,2,80,2,3,Travel_Rarely,0
1431621,9,Cardiology,3,Nurse,4,0,80,1,2,Travel_Rarely,4
1045879,5,Maternity,1,Other,4,3,80,1,3,Travel_Frequently,4
1619652,14,Maternity,3,Therapist,8,8,80,0,2,Travel_Rarely,2
1828114,9,Neurology,4,Other,7,2,80,0,2,Non-Travel,3
1128254,1,Cardiology,3,Nurse,0,0,80,1,2,Travel_Rarely,5
1084699,2,Cardiology,1,Other,2,2,80,0,3,Travel_Frequently,3
1343829,1,Maternity,1,Nurse,0,0,80,0,2,Travel_Rarely,6
1603378,16,Maternity,2,Other,13,7,80,3,2,Travel_Rarely,2
1720881,10,Maternity,1,Other,0,7,80,3,3,Travel_Rarely,2
1748251,10,Maternity,3,Nurse,7,9,80,0,2,Non-Travel,2
1740472,5,Maternity,1,Nurse,3,3,80,2,2,Travel_Rarely,2
1825779,6,Maternity,2,Therapist,2,2,80,1,3,Travel_Rarely,1
1221286,10,Maternity,1,Other,6,8,80,0,4,Travel_Rarely,3
1595168,19,Maternity,3,Nurse,9,9,80,1,2,Travel_Rarely,4
1317075,11,Maternity,3,Nurse,10,1,80,1,3,Travel_Rarely,6
1169735,3,Maternity,1,Nurse,2,2,80,3,1,Non-Travel,4
1818130,3,Neurology,3,Therapist,2,2,80,1,3,Travel_Frequently,4
1467266,8,Maternity,2,Other,7,7,80,0,3,Travel_Rarely,4
1242796,20,Neurology,3,Other,6,6,80,1,2,Travel_Rarely,1
1116632,3,Maternity,3,Nurse,2,2,80,1,2,Travel_Rarely,2
1338800,8,Cardiology,3,Nurse,7,7,80,0,3,Travel_Rarely,2
1823713,13,Maternity,2,Other,7,8,80,0,2,Travel_Frequently,4
1461105,4,Maternity,1,Nurse,2,2,80,1,3,Travel_Rarely,5
1714672,6,Maternity,2,Nurse,2,4,80,0,3,Travel_Frequently,1
1264321,1,Cardiology,2,Nurse,0,0,80,3,2,Travel_Rarely,5
1570590,7,Maternity,1,Nurse,7,6,80,1,3,Travel_Rarely,3
1417598,1,Maternity,1,Nurse,1,0,80,1,3,Travel_Rarely,0
1875940,2,Maternity,1,Other,2,2,80,0,2,Travel_Rarely,0
1815487,22,Neurology,4,Other,6,7,80,1,3,Travel_Rarely,3
1364682,1,Maternity,1,Nurse,0,0,80,2,2,Travel_Frequently,2
1150498,0,Cardiology,2,Nurse,0,0,80,0,3,Travel_Frequently,4
1446684,3,Cardiology,2,Nurse,2,2,80,1,3,Travel_Frequently,3
1852842,0,Maternity,1,Other,0,0,80,3,2,Non-Travel,2
1554886,5,Neurology,4,Other,4,1,80,0,4,Non-Travel,3
1454712,15,Cardiology,2,Nurse,10,12,80,1,2,Non-Travel,2
1212693,8,Maternity,3,Nurse,6,0,80,0,3,Travel_Rarely,4
1312769,8,Cardiology,3,Nurse,7,7,80,2,2,Travel_Rarely,2
1601148,7,Maternity,1,Other,5,7,80,1,3,Travel_Rarely,1
1133211,9,Neurology,3,Therapist,7,7,80,3,3,Travel_Rarely,3
1856618,12,Cardiology,4,Administrative,9,9,80,1,3,Travel_Rarely,3
1042408,1,Cardiology,3,Nurse,0,0,80,0,3,Travel_Rarely,2
1789769,8,Maternity,3,Therapist,7,1,80,1,3,Travel_Frequently,1
1440393,18,Maternity,4,Nurse,7,5,80,3,3,Travel_Frequently,4
1091520,20,Maternity,5,Administrative,7,9,80,0,2,Travel_Rarely,2
1818532,2,Maternity,1,Other,2,2,80,0,2,Travel_Rarely,6
1292995,5,Maternity,2,Nurse,4,3,80,0,3,Non-Travel,2
1522372,11,Maternity,2,Therapist,9,9,80,0,3,Non-Travel,0
1308397,2,Cardiology,1,Other,2,2,80,1,4,Travel_Frequently,4
1138410,5,Maternity,1,Other,3,4,80,0,2,Travel_Rarely,2
1752889,5,Cardiology,2,Nurse,2,2,80,1,3,Travel_Frequently,3
1425897,9,Cardiology,4,Nurse,8,3,80,1,2,Travel_Rarely,3
1719792,3,Neurology,2,Therapist,2,2,80,0,3,Travel_Frequently,3
1377897,7,Maternity,1,Other,5,1,80,2,3,Travel_Frequently,2
1692477,1,Maternity,2,Nurse,0,0,80,0,1,Travel_Rarely,3
1618530,10,Maternity,2,Therapist,7,2,80,1,2,Travel_Rarely,2
1619491,7,Neurology,1,Other,6,0,80,1,4,Travel_Rarely,2
1321732,3,Maternity,1,Other,1,2,80,1,2,Travel_Frequently,2
1313694,0,Maternity,1,Nurse,0,0,80,0,3,Non-Travel,0
1140608,5,Cardiology,2,Nurse,2,3,80,0,3,Travel_Rarely,3
1190899,1,Maternity,1,Nurse,0,0,80,1,3,Travel_Rarely,4
1131723,2,Maternity,1,Nurse,2,2,80,1,3,Travel_Frequently,5
1066655,6,Maternity,2,Nurse,2,3,80,2,2,Travel_Rarely,2
1061785,4,Maternity,1,Other,2,2,80,1,2,Travel_Rarely,0
1745568,6,Cardiology,2,Nurse,5,3,80,0,3,Travel_Rarely,3
1034814,5,Neurology,1,Other,4,4,80,0,3,Travel_Rarely,2
1778989,11,Cardiology,3,Nurse,8,10,80,1,2,Travel_Rarely,3
1452385,18,Maternity,3,Administrative,7,13,80,0,3,Travel_Frequently,3
1513386,21,Cardiology,4,Nurse,9,14,80,0,3,Travel_Frequently,2
1812528,6,Cardiology,2,Nurse,4,5,80,0,3,Travel_Rarely,3
1479961,8,Maternity,1,Nurse,0,7,80,1,2,Travel_Rarely,2
1446497,4,Maternity,1,Nurse,3,2,80,0,3,Travel_Rarely,2
1340549,1,Maternity,1,Nurse,1,0,80,0,3,Travel_Rarely,4
1588632,8,Maternity,1,Nurse,7,7,80,1,4,Travel_Rarely,2
1499676,10,Cardiology,2,Nurse,3,4,80,1,2,Travel_Rarely,3
1849677,1,Maternity,2,Other,1,0,80,1,2,Travel_Frequently,3
1209446,7,Neurology,3,Therapist,7,4,80,1,2,Travel_Rarely,2
1098841,13,Maternity,2,Nurse,9,9,80,0,2,Travel_Frequently,3
1871555,2,Maternity,1,Nurse,2,2,80,1,2,Travel_Frequently,2
1405213,4,Cardiology,2,Nurse,3,3,80,0,1,Travel_Rarely,2
1089994,1,Cardiology,1,Other,0,0,80,3,3,Non-Travel,3
1710657,5,Neurology,5,Other,2,2,80,1,3,Travel_Rarely,2
1511393,10,Maternity,1,Nurse,8,8,80,1,3,Travel_Rarely,5
1542698,1,Maternity,1,Other,1,0,80,0,3,Travel_Rarely,4
1764148,3,Maternity,1,Other,2,2,80,1,3,Travel_Rarely,2
1334983,14,Neurology,2,Therapist,8,11,80,1,2,Travel_Rarely,2
1713700,2,Maternity,1,Nurse,2,2,80,0,2,Travel_Rarely,2
1476340,6,Maternity,1,Other,4,2,80,0,3,Travel_Rarely,4
1795477,7,Neurology,5,Other,7,7,80,1,3,Travel_Rarely,6
1500784,5,Maternity,1,Other,4,3,80,1,1,Travel_Rarely,2
1455048,0,Maternity,1,Other,0,0,80,1,2,Travel_Frequently,5
1123335,26,Cardiology,4,Administrative,15,9,80,0,3,Travel_Rarely,2
1285566,0,Maternity,1,Other,0,0,80,0,1,Non-Travel,3
1279649,5,Neurology,1,Other,4,4,80,1,3,Travel_Rarely,2
1754610,1,Maternity,1,Other,0,0,80,1,2,Non-Travel,2
1260276,4,Cardiology,2,Nurse,3,3,80,3,3,Travel_Rarely,3
1313206,0,Cardiology,2,Nurse,0,0,80,3,3,Travel_Frequently,2
1562759,2,Neurology,4,Other,2,2,80,1,3,Travel_Frequently,3
1818579,6,Maternity,1,Nurse,5,3,80,3,2,Travel_Rarely,2
1221210,4,Maternity,5,Administrative,2,3,80,1,3,Travel_Rarely,2
1285937,7,Cardiology,2,Nurse,7,7,80,3,3,Travel_Rarely,2
1063216,1,Maternity,1,Nurse,0,0,80,1,3,Travel_Rarely,3
1551282,10,Cardiology,2,Nurse,7,1,80,1,3,Travel_Frequently,3
1310719,7,Maternity,1,Nurse,7,7,80,1,1,Travel_Rarely,4
1544205,10,Maternity,2,Nurse,7,9,80,3,3,Travel_Rarely,4
1503934,20,Maternity,2,Other,11,17,80,0,3,Travel_Rarely,3
1531205,2,Cardiology,1,Other,1,2,80,0,4,Travel_Rarely,2
1126413,6,Neurology,2,Therapist,3,4,80,1,3,Travel_Rarely,3
1170535,4,Neurology,2,Other,3,3,80,1,4,Non-Travel,3
1520995,11,Cardiology,2,Nurse,7,9,80,1,4,Travel_Rarely,3
1229290,2,Maternity,1,Nurse,2,2,80,1,2,Travel_Frequently,2
1034448,8,Maternity,2,Other,7,7,80,0,3,Travel_Frequently,2
1516924,7,Neurology,3,Therapist,7,7,80,1,1,Travel_Rarely,2
1487583,14,Maternity,1,Other,10,10,80,1,3,Travel_Rarely,5
1516360,5,Cardiology,2,Nurse,1,3,80,1,2,Travel_Rarely,2
1384279,4,Cardiology,2,Nurse,3,1,80,0,3,Travel_Rarely,4
1658193,11,Maternity,1,Other,9,7,80,1,3,Travel_Rarely,2
1645050,1,Maternity,3,Administrative,0,0,80,0,3,Travel_Frequently,6
1695470,13,Cardiology,3,Nurse,2,12,80,1,2,Non-Travel,6
1362336,9,Maternity,1,Other,7,8,80,2,3,Travel_Rarely,3
1442702,5,Neurology,3,Therapist,4,4,80,1,3,Travel_Frequently,2
1226564,10,Maternity,1,Other,5,7,80,1,4,Travel_Rarely,5
1245033,1,Maternity,1,Other,1,0,80,0,2,Non-Travel,2
1856613,3,Maternity,1,Other,2,2,80,3,3,Travel_Rarely,5
1559788,10,Maternity,4,Administrative,9,9,80,0,3,Travel_Rarely,2
1845153,6,Maternity,2,Nurse,5,1,80,0,3,Travel_Rarely,2
1216132,10,Maternity,2,Nurse,9,8,80,0,2,Travel_Rarely,2
1718896,6,Cardiology,2,Nurse,1,5,80,0,2,Travel_Rarely,2
1659741,8,Maternity,5,Administrative,7,7,80,1,1,Travel_Rarely,2
1460231,1,Neurology,5,Other,0,0,80,1,2,Travel_Rarely,2
1276743,11,Maternity,1,Other,10,7,80,0,3,Travel_Frequently,2
1551418,1,Maternity,1,Nurse,0,0,80,0,4,Travel_Rarely,4
1409781,5,Maternity,1,Other,3,3,80,3,3,Travel_Rarely,2
1429070,6,Maternity,2,Nurse,0,0,80,2,3,Travel_Rarely,2
1149718,1,Maternity,5,Administrative,0,0,80,0,2,Travel_Rarely,3
1593907,7,Maternity,4,Administrative,7,7,80,2,2,Travel_Rarely,2
1346366,1,Maternity,1,Other,0,0,80,0,4,Travel_Rarely,5
1471840,22,Cardiology,5,Administrative,9,10,80,1,3,Travel_Rarely,5
1081187,9,Cardiology,3,Nurse,8,8,80,2,4,Travel_Rarely,3
1237363,1,Maternity,1,Other,0,1,80,0,4,Travel_Rarely,2
1473069,1,Maternity,1,Other,0,1,80,1,3,Travel_Rarely,2
1322371,1,Cardiology,1,Other,0,0,80,0,1,Travel_Frequently,4
1574047,8,Maternity,1,Other,5,2,80,0,3,Travel_Rarely,2
1588094,24,Cardiology,5,Administrative,10,11,80,0,1,Travel_Rarely,2
1364438,33,Maternity,4,Nurse,9,0,80,1,2,Non-Travel,3
1724855,2,Maternity,1,Nurse,2,2,80,0,2,Travel_Frequently,2
1032289,11,Cardiology,5,Administrative,4,8,80,1,2,Travel_Rarely,2
1826524,3,Cardiology,2,Nurse,2,2,80,0,3,Travel_Rarely,3
1426682,29,Cardiology,5,Administrative,10,10,80,1,3,Travel_Frequently,5
1826449,9,Maternity,3,Therapist,7,4,80,0,3,Travel_Rarely,6
1319702,11,Maternity,2,Nurse,8,10,80,2,3,Travel_Frequently,2
1668404,4,Maternity,1,Nurse,2,2,80,0,3,Travel_Frequently,2
1459186,25,Neurology,5,Other,9,13,80,2,4,Travel_Rarely,4
1488640,10,Neurology,2,Other,9,8,80,2,2,Travel_Frequently,5
1711208,3,Maternity,1,Other,2,2,80,0,3,Travel_Rarely,3
1619962,1,Maternity,2,Other,0,0,80,0,4,Travel_Rarely,2
1411176,21,Cardiology,3,Nurse,7,17,80,0,2,Travel_Rarely,3
1702814,16,Neurology,2,Therapist,14,12,80,0,3,Travel_Rarely,2
1059499,10,Maternity,3,Nurse,7,5,80,1,3,Travel_Rarely,2
1612685,2,Maternity,1,Nurse,2,2,80,1,2,Travel_Frequently,2
1744003,7,Maternity,1,Nurse,0,7,80,0,2,Travel_Frequently,6
1825727,8,Maternity,2,Therapist,4,7,80,0,3,Non-Travel,3
1100849,7,Maternity,1,Nurse,7,7,80,2,3,Travel_Rarely,2
1165880,3,Maternity,1,Other,2,2,80,0,3,Travel_Rarely,2
1386101,2,Maternity,1,Other,2,1,80,0,3,Travel_Rarely,3
1053739,10,Cardiology,2,Nurse,7,8,80,2,4,Travel_Rarely,4
1259785,0,Neurology,5,Other,0,0,80,0,3,Travel_Frequently,4
1772045,19,Neurology,4,Other,9,2,80,2,2,Travel_Rarely,4
1153402,2,Maternity,1,Other,2,2,80,2,3,Travel_Rarely,3
1111156,10,Maternity,2,Nurse,4,1,80,1,3,Travel_Rarely,3
1191511,5,Maternity,1,Other,2,3,80,0,3,Travel_Rarely,2
1391589,9,Maternity,2,Nurse,2,7,80,1,2,Travel_Rarely,6
1474475,7,Maternity,3,Nurse,7,7,80,0,3,Travel_Rarely,0
1211290,7,Neurology,1,Other,6,7,80,0,3,Travel_Rarely,3
1193428,9,Maternity,2,Nurse,8,5,80,3,1,Non-Travel,6
1545703,3,Maternity,4,Administrative,2,2,80,0,3,Travel_Rarely,2
1202936,5,Cardiology,3,Nurse,4,0,80,0,2,Travel_Rarely,2
1171299,8,Cardiology,3,Nurse,7,7,80,0,3,Travel_Rarely,2
1277861,9,Neurology,3,Other,1,8,80,2,3,Travel_Rarely,2
1622014,8,Maternity,2,Therapist,7,7,80,0,3,Travel_Rarely,6
1379068,10,Cardiology,3,Nurse,8,6,80,1,3,Non-Travel,5
1546275,19,Cardiology,2,Nurse,2,9,80,0,1,Non-Travel,4
1288105,3,Cardiology,1,Other,2,2,80,0,3,Travel_Frequently,2
1518688,3,Maternity,1,Nurse,2,2,80,0,3,Travel_Rarely,4
1071499,20,Neurology,4,Other,8,10,80,0,3,Non-Travel,3
1704652,19,Neurology,5,Other,9,11,80,1,1,Travel_Rarely,5
1074172,7,Neurology,5,Administrative,3,7,80,0,3,Travel_Rarely,4
1415953,4,Maternity,1,Other,2,0,80,1,3,Non-Travel,0
1492244,9,Maternity,3,Nurse,7,6,80,1,3,Travel_Rarely,0
1510065,9,Maternity,2,Other,8,8,80,0,3,Travel_Rarely,4
1338493,9,Cardiology,2,Nurse,3,7,80,1,3,Travel_Frequently,2
1451242,9,Maternity,2,Other,6,1,80,0,3,Travel_Frequently,3
1265137,33,Neurology,4,Administrative,9,10,80,1,3,Travel_Rarely,2
1465164,7,Cardiology,2,Nurse,7,7,80,1,3,Travel_Rarely,3
1420569,10,Cardiology,2,Nurse,8,6,80,0,3,Travel_Rarely,6
1796375,3,Maternity,1,Nurse,2,2,80,3,3,Travel_Rarely,6
1536328,10,Cardiology,3,Therapist,9,9,80,0,2,Travel_Rarely,0
1346672,4,Maternity,1,Nurse,2,3,80,1,3,Travel_Rarely,3
1408258,15,Cardiology,2,Nurse,7,13,80,1,4,Travel_Frequently,2
1172129,10,Neurology,3,Therapist,9,8,80,0,3,Travel_Rarely,2
1525335,1,Cardiology,1,Other,0,0,80,1,4,Travel_Rarely,4
1138505,5,Maternity,4,Therapist,2,3,80,0,2,Travel_Rarely,1
1792003,0,Maternity,1,Nurse,0,0,80,0,3,Non-Travel,5
1584366,9,Maternity,2,Nurse,7,0,80,1,2,Travel_Rarely,0
1224247,6,Cardiology,2,Nurse,2,0,80,0,1,Travel_Frequently,3
1081600,19,Cardiology,4,Nurse,7,8,80,0,4,Travel_Rarely,2
1665397,19,Maternity,4,Therapist,16,9,80,1,3,Travel_Rarely,0
1073438,5,Maternity,1,Other,4,0,80,3,2,Non-Travel,2
1858522,12,Maternity,2,Nurse,11,8,80,3,4,Travel_Rarely,0
1528867,8,Maternity,2,Nurse,7,7,80,2,3,Travel_Rarely,1
1648657,1,Cardiology,1,Other,0,0,80,0,2,Travel_Frequently,3
1805986,4,Cardiology,2,Nurse,2,2,80,1,3,Travel_Frequently,0
1272720,4,Maternity,1,Other,2,3,80,3,4,Travel_Frequently,2
1415194,14,Maternity,2,Nurse,11,11,80,0,3,Travel_Rarely,2
1176516,5,Cardiology,2,Nurse,3,4,80,1,2,Travel_Rarely,0
1542102,10,Maternity,2,Therapist,2,7,80,2,3,Travel_Rarely,3
1872881,5,Cardiology,2,Nurse,4,4,80,2,2,Travel_Rarely,2
1588882,4,Cardiology,3,Nurse,2,2,80,0,3,Travel_Frequently,5
1278061,6,Maternity,2,Other,2,3,80,2,3,Travel_Frequently,4
1220976,6,Maternity,1,Other,4,3,80,0,3,Travel_Rarely,2
1068192,5,Cardiology,2,Nurse,4,2,80,0,3,Travel_Frequently,2
1633178,3,Cardiology,2,Nurse,2,2,80,3,3,Travel_Rarely,3
1432591,6,Maternity,3,Nurse,4,5,80,1,3,Non-Travel,2
1844995,3,Cardiology,2,Nurse,2,2,80,0,4,Travel_Rarely,3
1162157,5,Maternity,4,Therapist,3,2,80,1,4,Travel_Frequently,3
1084924,20,Maternity,2,Other,7,8,80,0,2,Travel_Rarely,3
1229066,6,Cardiology,2,Nurse,2,4,80,0,2,Travel_Rarely,3
1526314,8,Maternity,1,Other,2,7,80,0,3,Travel_Rarely,2
1339537,4,Maternity,1,Other,3,1,80,0,2,Travel_Rarely,2
1112703,20,Neurology,4,Administrative,7,9,80,1,3,Travel_Rarely,5
1768835,5,Maternity,1,Nurse,4,4,80,0,3,Travel_Rarely,2
1742081,3,Maternity,1,Nurse,2,2,80,0,3,Travel_Rarely,6
1729034,2,Maternity,3,Therapist,2,2,80,0,3,Travel_Frequently,2
1141939,3,Maternity,1,Nurse,2,2,80,1,3,Travel_Rarely,2
1115350,7,Maternity,1,Nurse,7,7,80,0,4,Travel_Rarely,2
1218088,10,Neurology,3,Other,9,9,80,0,2,Travel_Rarely,3
1246982,4,Maternity,2,Nurse,3,3,80,0,2,Travel_Frequently,2
1458822,8,Maternity,3,Nurse,7,7,80,0,3,Travel_Frequently,1
1699413,20,Maternity,4,Administrative,7,7,80,0,3,Travel_Rarely,3
1620973,9,Maternity,5,Administrative,8,5,80,1,3,Travel_Rarely,3
1793695,7,Maternity,4,Administrative,7,0,80,2,4,Travel_Rarely,4
1583611,5,Cardiology,2,Nurse,4,1,80,0,3,Travel_Rarely,3
1792620,1,Cardiology,1,Other,0,0,80,0,1,Travel_Frequently,3
1225271,3,Cardiology,2,Nurse,2,2,80,2,3,Travel_Rarely,3
1703058,3,Maternity,4,Administrative,2,0,80,0,3,Travel_Rarely,3
1613258,4,Maternity,1,Other,3,3,80,2,3,Travel_Frequently,2
1611839,1,Maternity,1,Other,0,0,80,0,2,Travel_Rarely,3
1434118,5,Maternity,1,Nurse,0,4,80,0,3,Travel_Rarely,3
1577542,10,Maternity,2,Nurse,4,8,80,0,2,Travel_Rarely,2
1537620,3,Cardiology,2,Nurse,2,2,80,2,2,Travel_Rarely,3
1827650,6,Maternity,1,Other,5,2,80,1,3,Travel_Rarely,2
1533398,3,Cardiology,1,Other,2,2,80,0,2,Travel_Rarely,2
1469983,6,Maternity,1,Nurse,5,3,80,0,4,Non-Travel,2
1272818,3,Maternity,1,Other,2,0,80,1,3,Travel_Rarely,3
1174986,20,Maternity,4,Administrative,17,6,80,2,3,Travel_Rarely,2
1259120,5,Cardiology,2,Nurse,4,3,80,2,3,Travel_Rarely,3
1236111,4,Cardiology,2,Nurse,3,3,80,1,3,Travel_Rarely,3
1625621,5,Maternity,1,Nurse,4,2,80,1,2,Travel_Rarely,2
1743607,4,Maternity,1,Other,2,3,80,0,4,Travel_Rarely,5
1115072,8,Maternity,2,Nurse,7,7,80,2,3,Non-Travel,2
1497203,13,Cardiology,3,Nurse,7,9,80,1,3,Travel_Rarely,5
1821156,7,Cardiology,3,Nurse,7,3,80,1,3,Travel_Rarely,1
1853035,1,Maternity,1,Nurse,0,0,80,0,2,Non-Travel,2
1549232,10,Neurology,3,Therapist,8,7,80,0,4,Travel_Frequently,2
1211666,7,Maternity,3,Nurse,7,7,80,1,1,Travel_Rarely,2
1214806,3,Neurology,1,Other,2,2,80,0,4,Travel_Rarely,3
1355585,2,Maternity,1,Nurse,2,2,80,1,3,Travel_Frequently,2
1341233,3,Maternity,3,Therapist,1,2,80,2,3,Travel_Rarely,4
1203781,2,Cardiology,2,Nurse,2,2,80,3,3,Travel_Rarely,3
1234542,2,Neurology,1,Other,2,2,80,0,3,Travel_Rarely,0
1282478,9,Maternity,3,Administrative,8,8,80,1,2,Non-Travel,5
1488687,5,Cardiology,2,Nurse,4,3,80,0,3,Travel_Rarely,4
1520049,5,Maternity,1,Nurse,2,3,80,0,2,Non-Travel,5
1811254,9,Maternity,4,Administrative,8,8,80,0,4,Travel_Rarely,2
1028391,3,Maternity,2,Nurse,2,2,80,1,3,Travel_Rarely,0
1759045,3,Maternity,1,Other,1,2,80,1,3,Travel_Rarely,3
1613858,5,Maternity,1,Other,2,3,80,0,3,Travel_Rarely,3
1317016,4,Cardiology,2,Nurse,3,3,80,2,3,Travel_Frequently,2
1364493,13,Cardiology,2,Nurse,9,12,80,0,1,Travel_Rarely,2
1477875,2,Cardiology,2,Nurse,1,2,80,2,3,Travel_Rarely,2
1439547,12,Maternity,1,Nurse,9,8,80,0,3,Travel_Frequently,3
1869891,1,Cardiology,2,Nurse,0,0,80,1,3,Travel_Frequently,4
1800991,1,Maternity,1,Other,0,0,80,2,3,Non-Travel,2
1081412,12,Maternity,2,Other,9,8,80,1,4,Travel_Rarely,2
1705514,8,Maternity,3,Nurse,7,7,80,2,3,Travel_Rarely,3
1769488,14,Maternity,4,Administrative,8,9,80,2,3,Travel_Frequently,3
1678672,3,Cardiology,1,Other,2,2,80,1,3,Travel_Frequently,3
1472943,5,Cardiology,2,Nurse,3,0,80,0,3,Travel_Frequently,4
1817745,15,Cardiology,2,Nurse,9,10,80,0,2,Travel_Rarely,2
1218204,1,Cardiology,1,Other,0,0,80,1,3,Travel_Rarely,3
1812838,0,Maternity,1,Nurse,0,0,80,0,3,Travel_Frequently,2
1384737,1,Cardiology,1,Other,0,0,80,1,3,Non-Travel,2
1456798,2,Neurology,3,Therapist,2,2,80,0,3,Travel_Frequently,2
1075494,10,Cardiology,2,Nurse,7,4,80,2,2,Travel_Rarely,3
1557335,5,Neurology,1,Other,3,3,80,1,3,Travel_Rarely,3
1498617,3,Maternity,2,Nurse,2,2,80,0,3,Travel_Rarely,2
1732917,5,Maternity,1,Nurse,4,2,80,0,2,Travel_Rarely,5
1235079,5,Cardiology,2,Nurse,4,2,80,1,3,Travel_Rarely,4
1473545,0,Maternity,1,Nurse,0,0,80,0,2,Travel_Frequently,2
1608433,1,Maternity,1,Other,0,0,80,1,2,Travel_Rarely,2
1768732,4,Cardiology,2,Nurse,2,3,80,0,3,Travel_Frequently,5
1255286,3,Maternity,2,Nurse,2,2,80,1,2,Travel_Rarely,3
1476766,3,Maternity,1,Nurse,2,2,80,3,3,Travel_Frequently,3
1503842,8,Maternity,2,Therapist,6,7,80,2,1,Travel_Rarely,2
1285005,0,Maternity,2,Nurse,0,0,80,0,3,Travel_Rarely,6
1700420,5,Neurology,3,Other,2,0,80,0,3,Travel_Rarely,5
1787068,14,Neurology,4,Other,9,12,80,1,3,Travel_Frequently,2
1512296,9,Maternity,1,Other,7,7,80,0,2,Travel_Rarely,2
1225168,20,Maternity,4,Administrative,6,17,80,1,3,Travel_Rarely,1
1185178,2,Neurology,3,Therapist,0,2,80,0,3,Travel_Rarely,3
1791733,13,Cardiology,4,Administrative,12,1,80,1,3,Travel_Rarely,2
1445455,11,Maternity,3,Nurse,8,3,80,0,2,Travel_Rarely,3
1225098,4,Maternity,2,Nurse,3,2,80,0,3,Travel_Rarely,2
1161882,5,Maternity,1,Nurse,4,0,80,0,3,Travel_Rarely,3
1130650,10,Cardiology,3,Nurse,9,6,80,0,2,Travel_Rarely,3
1827679,7,Maternity,1,Other,2,7,80,0,3,Travel_Frequently,2
1385384,32,Maternity,4,Administrative,6,9,80,0,1,Travel_Frequently,2
1489531,11,Cardiology,1,Other,10,7,80,1,3,Travel_Rarely,4
1879823,1,Maternity,1,Nurse,0,0,80,1,2,Travel_Rarely,3
1072437,10,Maternity,2,Other,8,7,80,0,3,Travel_Rarely,2
1685917,7,Maternity,2,Nurse,7,7,80,1,1,Travel_Rarely,3
1144941,5,Maternity,2,Therapist,3,2,80,0,2,Travel_Rarely,2
1520707,5,Maternity,1,Other,4,3,80,1,3,Travel_Rarely,3
1655596,20,Maternity,3,Nurse,8,9,80,1,3,Travel_Frequently,3
1582511,8,Cardiology,2,Nurse,4,1,80,0,3,Travel_Rarely,5
1040101,15,Maternity,2,Nurse,14,7,80,1,3,Travel_Rarely,3
1795482,21,Neurology,4,Administrative,7,7,80,0,3,Travel_Rarely,2
1487869,1,Maternity,1,Nurse,1,0,80,3,2,Travel_Rarely,3
1757748,2,Maternity,2,Nurse,2,2,80,0,3,Non-Travel,2
1044155,10,Maternity,3,Nurse,8,7,80,3,3,Travel_Rarely,4
1751058,5,Cardiology,1,Other,3,2,80,2,2,Travel_Rarely,5
1800789,7,Maternity,2,Other,1,5,80,1,2,Travel_Rarely,2
1258148,3,Cardiology,1,Other,2,2,80,0,3,Travel_Rarely,3
1120429,8,Cardiology,2,Nurse,7,7,80,1,3,Travel_Rarely,2
1604996,1,Maternity,1,Other,0,0,80,2,4,Travel_Rarely,2
1152504,2,Cardiology,2,Nurse,2,2,80,1,3,Travel_Rarely,6
1093589,10,Cardiology,2,Nurse,8,7,80,1,2,Travel_Rarely,4
1152723,6,Neurology,2,Other,3,2,80,0,3,Travel_Frequently,2
1561423,3,Maternity,1,Nurse,0,2,80,0,2,Travel_Rarely,3
1603233,4,Cardiology,3,Nurse,2,3,80,1,3,Travel_Rarely,3
1286513,1,Maternity,1,Nurse,0,0,80,1,3,Travel_Rarely,2
1313838,33,Neurology,3,Therapist,7,9,80,1,2,Travel_Rarely,4
1819647,5,Neurology,2,Therapist,2,4,80,2,3,Travel_Rarely,2
1316836,6,Maternity,2,Other,5,2,80,1,3,Non-Travel,3
1595159,8,Maternity,1,Other,2,6,80,1,3,Travel_Rarely,3
1679356,1,Maternity,1,Other,0,0,80,0,3,Travel_Rarely,4
1729981,36,Cardiology,5,Administrative,6,13,80,1,2,Travel_Rarely,3
1597323,2,Maternity,2,Other,2,1,80,1,3,Travel_Rarely,3
1765716,1,Maternity,1,Other,0,0,80,0,3,Travel_Rarely,5
1573518,9,Cardiology,2,Nurse,8,7,80,1,3,Travel_Rarely,3
1755222,3,Cardiology,2,Nurse,2,2,80,0,3,Travel_Rarely,5
1689960,1,Cardiology,2,Nurse,0,0,80,0,3,Travel_Rarely,5
1321308,10,Maternity,1,Nurse,9,5,80,0,3,Travel_Rarely,3
1261502,5,Maternity,2,Nurse,2,4,80,0,3,Travel_Rarely,4
1041532,7,Cardiology,3,Nurse,6,6,80,1,4,Travel_Rarely,3
1828789,6,Maternity,2,Nurse,4,3,80,1,3,Travel_Frequently,0
1638427,1,Cardiology,5,Administrative,0,0,80,1,3,Travel_Rarely,2
1788553,2,Maternity,1,Other,2,2,80,1,4,Travel_Rarely,2
1599847,3,Maternity,2,Nurse,2,2,80,1,4,Travel_Frequently,3
1856176,1,Neurology,5,Other,0,1,80,0,2,Travel_Rarely,2
1106946,10,Maternity,2,Nurse,9,8,80,2,4,Travel_Rarely,3
1866800,8,Maternity,2,Nurse,2,7,80,1,2,Travel_Frequently,3
1492385,5,Cardiology,2,Nurse,4,2,80,1,3,Travel_Rarely,2
1463621,6,Maternity,1,Nurse,4,2,80,1,4,Travel_Rarely,0
1562191,1,Maternity,1,Nurse,0,1,80,1,2,Travel_Rarely,5
1801915,26,Cardiology,4,Administrative,0,12,80,0,4,Travel_Rarely,5
1064286,1,Maternity,1,Nurse,1,0,80,3,3,Travel_Rarely,3
1494533,4,Maternity,1,Other,2,3,80,0,2,Non-Travel,2
1618456,30,Maternity,4,Nurse,8,13,80,1,3,Travel_Frequently,3
1072876,3,Maternity,1,Other,2,2,80,2,4,Travel_Rarely,3
1393835,22,Maternity,5,Administrative,7,10,80,1,3,Travel_Rarely,4
1466602,6,Maternity,1,Other,4,1,80,1,2,Travel_Rarely,3
1135463,10,Maternity,2,Nurse,7,4,80,0,1,Travel_Rarely,3
1792202,10,Cardiology,2,Nurse,7,5,80,1,2,Non-Travel,2
1428612,5,Cardiology,2,Nurse,2,3,80,0,3,Travel_Frequently,3
1831818,3,Maternity,2,Therapist,2,1,80,2,3,Travel_Rarely,2
1624104,9,Maternity,2,Therapist,7,2,80,1,4,Travel_Frequently,3
1594457,9,Maternity,1,Nurse,6,4,80,1,3,Travel_Rarely,3
1871083,7,Maternity,2,Therapist,7,7,80,3,3,Travel_Rarely,3
1448152,7,Maternity,1,Nurse,7,7,80,2,2,Travel_Rarely,3
1577752,16,Maternity,2,Other,15,10,80,0,4,Travel_Rarely,2
1475967,5,Maternity,2,Therapist,3,0,80,1,1,Travel_Rarely,5
1797790,2,Maternity,1,Other,2,2,80,0,3,Travel_Rarely,2
1741354,0,Cardiology,1,Other,0,0,80,0,3,Travel_Frequently,2
1665873,5,Neurology,5,Administrative,2,0,80,1,3,Travel_Rarely,2
1604086,10,Maternity,2,Nurse,8,7,80,1,2,Travel_Rarely,3
1687357,18,Maternity,3,Therapist,15,12,80,2,2,Travel_Rarely,2
1645854,14,Maternity,2,Nurse,11,9,80,1,3,Non-Travel,5
1693873,4,Maternity,2,Therapist,3,2,80,3,3,Travel_Rarely,2
1032199,9,Neurology,2,Therapist,2,8,80,0,3,Travel_Frequently,2
1646893,10,Neurology,2,Therapist,7,9,80,2,2,Travel_Rarely,3
1641732,5,Neurology,3,Therapist,4,2,80,1,2,Travel_Rarely,6
1626748,13,Cardiology,3,Nurse,12,0,80,0,2,Travel_Rarely,3
1552731,8,Maternity,1,Other,4,7,80,1,3,Travel_Rarely,2
1294986,4,Maternity,3,Therapist,2,3,80,0,3,Travel_Rarely,2
1219188,10,Neurology,2,Other,7,2,80,0,3,Travel_Frequently,3
1533221,2,Neurology,4,Other,2,2,80,1,2,Travel_Frequently,3
1107055,2,Cardiology,2,Nurse,2,2,80,2,1,Travel_Rarely,2
1644021,6,Maternity,1,Other,3,3,80,0,3,Travel_Frequently,2
1236753,3,Maternity,1,Other,2,2,80,0,4,Travel_Rarely,0
1731640,4,Maternity,1,Other,2,2,80,0,3,Travel_Frequently,0
1883424,4,Maternity,1,Nurse,2,3,80,0,3,Travel_Rarely,3
1202416,5,Cardiology,2,Nurse,2,4,80,0,2,Travel_Rarely,2
1088912,3,Maternity,3,Nurse,2,2,80,2,3,Travel_Rarely,6
1605956,7,Neurology,2,Therapist,7,7,80,2,4,Travel_Frequently,6
1505937,5,Maternity,2,Therapist,4,0,80,0,3,Travel_Rarely,3
1399370,4,Maternity,4,Administrative,2,2,80,2,3,Travel_Rarely,2
1761884,14,Maternity,3,Administrative,11,11,80,3,2,Travel_Rarely,3
1769167,2,Cardiology,1,Other,2,2,80,0,3,Travel_Rarely,3
1547090,11,Maternity,2,Other,8,9,80,1,3,Travel_Rarely,2
1246015,4,Maternity,1,Nurse,3,3,80,0,3,Travel_Rarely,4
1254079,15,Maternity,4,Nurse,11,12,80,1,2,Travel_Rarely,3
1860095,3,Neurology,2,Therapist,2,2,80,0,2,Non-Travel,6
1602610,5,Maternity,2,Nurse,4,4,80,1,4,Travel_Rarely,3
1364047,10,Neurology,4,Other,8,7,80,1,3,Travel_Rarely,6
1872403,14,Maternity,4,Administrative,10,11,80,1,2,Travel_Rarely,3
1705436,11,Cardiology,2,Nurse,9,7,80,0,3,Travel_Frequently,2
1607161,13,Maternity,2,Other,11,9,80,2,3,Travel_Frequently,4
1706059,10,Cardiology,2,Nurse,0,9,80,1,2,Travel_Rarely,3
1574111,6,Cardiology,2,Nurse,2,4,80,2,3,Travel_Rarely,5
1200755,9,Maternity,2,Other,5,6,80,2,3,Travel_Rarely,4
1068460,10,Cardiology,2,Nurse,0,2,80,2,3,Travel_Rarely,2
1796122,2,Maternity,1,Nurse,2,2,80,1,3,Travel_Rarely,2
1728347,4,Maternity,1,Nurse,3,3,80,0,2,Travel_Frequently,3
1817017,3,Cardiology,4,Administrative,2,2,80,3,4,Travel_Rarely,2
1400072,8,Neurology,4,Other,7,0,80,0,3,Travel_Rarely,2
1349913,2,Cardiology,3,Nurse,0,2,80,0,3,Travel_Rarely,2
1119867,2,Cardiology,1,Other,2,2,80,0,3,Travel_Rarely,3
1060815,6,Cardiology,2,Nurse,5,2,80,1,3,Non-Travel,2
1097742,3,Maternity,2,Nurse,2,2,80,2,3,Travel_Rarely,2
1711206,2,Neurology,1,Other,2,2,80,3,3,Travel_Rarely,2
1082389,5,Maternity,1,Nurse,4,2,80,0,2,Travel_Rarely,2
1588527,0,Maternity,1,Nurse,0,0,80,1,3,Travel_Rarely,5
1590426,4,Maternity,3,Nurse,3,2,80,0,4,Travel_Rarely,2
1425001,9,Cardiology,1,Other,7,7,80,2,3,Travel_Frequently,3
1609527,1,Maternity,1,Nurse,0,0,80,0,3,Travel_Rarely,2
1366639,7,Maternity,1,Nurse,7,7,80,0,3,Non-Travel,5
1270535,4,Maternity,1,Other,2,2,80,1,2,Travel_Rarely,1
1826482,15,Maternity,2,Nurse,10,13,80,1,2,Travel_Rarely,3
1718662,1,Maternity,3,Nurse,0,0,80,1,1,Travel_Rarely,2
1248055,14,Maternity,1,Nurse,11,13,80,3,4,Travel_Rarely,6
1430170,6,Cardiology,2,Nurse,3,3,80,2,1,Travel_Frequently,2
1830378,10,Maternity,1,Other,9,7,80,0,2,Travel_Rarely,3
1810874,3,Cardiology,1,Other,2,2,80,1,3,Travel_Rarely,2
1287552,8,Maternity,3,Nurse,7,7,80,1,4,Travel_Rarely,2
1432173,5,Maternity,1,Other,4,4,80,0,2,Travel_Frequently,2
1499458,10,Cardiology,2,Nurse,9,8,80,1,3,Travel_Rarely,3
1622897,5,Maternity,1,Other,3,4,80,1,4,Travel_Rarely,1
1374267,10,Cardiology,3,Nurse,8,7,80,0,3,Travel_Rarely,3
1125172,5,Maternity,1,Nurse,3,2,80,1,3,Travel_Rarely,2
1569964,13,Cardiology,2,Other,7,7,80,0,3,Travel_Rarely,2
1689576,23,Maternity,3,Nurse,15,4,80,1,2,Non-Travel,3
1297488,1,Neurology,1,Other,0,0,80,1,1,Travel_Rarely,2
1675357,23,Cardiology,4,Nurse,5,10,80,0,1,Travel_Frequently,3
1704363,3,Maternity,1,Nurse,2,2,80,3,1,Travel_Rarely,3
1554897,21,Maternity,4,Administrative,6,6,80,0,2,Travel_Rarely,2
1430466,5,Maternity,1,Other,2,3,80,1,3,Travel_Frequently,3
1205920,5,Maternity,1,Nurse,2,3,80,1,3,Travel_Rarely,2
1702718,3,Neurology,2,Other,2,2,80,1,1,Non-Travel,4
1417199,1,Maternity,2,Therapist,0,0,80,1,3,Travel_Rarely,3
1078051,6,Maternity,1,Nurse,2,2,80,3,3,Travel_Rarely,2
1146326,10,Maternity,2,Nurse,7,9,80,0,3,Travel_Rarely,3
1044017,7,Maternity,2,Therapist,7,7,80,1,3,Travel_Rarely,3
1294406,10,Maternity,1,Other,0,8,80,1,3,Travel_Rarely,2
1280706,1,Cardiology,2,Nurse,0,0,80,1,3,Non-Travel,3
1488805,10,Cardiology,3,Nurse,6,3,80,1,3,Travel_Rarely,5
1315940,2,Cardiology,2,Nurse,2,2,80,3,2,Travel_Rarely,3
1878824,0,Cardiology,2,Nurse,0,0,80,0,1,Travel_Rarely,2
1658260,3,Maternity,1,Nurse,2,2,80,0,3,Travel_Rarely,3
1246363,5,Maternity,2,Therapist,4,4,80,0,3,Travel_Frequently,3
1360469,9,Maternity,2,Nurse,8,8,80,1,3,Non-Travel,2
1412303,4,Cardiology,3,Nurse,3,2,80,1,1,Travel_Rarely,2
1360714,21,Cardiology,5,Administrative,8,8,80,0,3,Travel_Rarely,3
1383815,5,Neurology,3,Other,0,3,80,2,1,Travel_Rarely,2
1620383,9,Maternity,1,Other,7,7,80,0,2,Travel_Frequently,2
1377529,2,Neurology,1,Other,2,1,80,1,3,Travel_Frequently,2
1828538,4,Neurology,1,Other,2,2,80,1,2,Travel_Frequently,0
1692811,5,Cardiology,2,Nurse,2,2,80,1,3,Travel_Rarely,3
1030937,6,Maternity,1,Other,2,4,80,0,3,Travel_Rarely,5
1838448,2,Cardiology,1,Other,2,2,80,0,1,Travel_Rarely,3
1176037,3,Maternity,2,Nurse,2,2,80,0,4,Travel_Frequently,5
1764157,7,Cardiology,3,Nurse,7,7,80,1,2,Travel_Rarely,2
1483732,5,Maternity,1,Other,0,2,80,3,4,Travel_Rarely,3
1059340,11,Cardiology,2,Nurse,7,7,80,0,3,Non-Travel,2
1260966,5,Cardiology,2,Nurse,1,4,80,0,3,Travel_Rarely,1
1196870,0,Cardiology,3,Nurse,0,0,80,0,3,Travel_Rarely,2
1434954,6,Maternity,1,Nurse,1,5,80,1,2,Travel_Frequently,4
1872248,1,Cardiology,3,Nurse,0,0,80,3,3,Travel_Rarely,2
1498457,1,Maternity,1,Other,0,0,80,1,2,Travel_Rarely,2
1322097,7,Maternity,2,Nurse,0,7,80,1,4,Travel_Rarely,3
1400783,7,Maternity,1,Other,7,7,80,0,3,Non-Travel,3
1511863,1,Maternity,2,Nurse,0,0,80,1,1,Travel_Rarely,2
1581569,1,Maternity,1,Other,0,0,80,1,2,Travel_Frequently,4
1628396,5,Maternity,1,Nurse,3,4,80,3,3,Travel_Rarely,6
1715321,1,Maternity,5,Administrative,0,0,80,3,2,Travel_Rarely,2
1541808,9,Maternity,2,Other,8,7,80,2,3,Non-Travel,2
1479918,5,Maternity,1,Nurse,3,4,80,2,3,Travel_Rarely,2
1404955,15,Cardiology,2,Nurse,14,7,80,1,3,Non-Travel,3
1473417,3,Neurology,4,Therapist,2,2,80,3,2,Non-Travel,2
1778124,9,Neurology,1,Other,7,8,80,0,3,Travel_Rarely,5
1143717,2,Cardiology,2,Nurse,2,2,80,0,1,Travel_Rarely,3
1193818,1,Cardiology,1,Other,0,0,80,0,3,Travel_Rarely,3
1795187,5,Maternity,1,Nurse,4,4,80,1,2,Travel_Rarely,3
1241701,1,Maternity,1,Nurse,0,0,80,0,3,Travel_Rarely,6
1729178,12,Cardiology,2,Nurse,7,7,80,2,2,Travel_Rarely,3
1612699,2,Neurology,3,Other,2,2,80,0,3,Travel_Rarely,2
1880660,5,Cardiology,2,Nurse,2,3,80,2,2,Travel_Rarely,2
1275366,2,Maternity,5,Administrative,1,2,80,1,3,Travel_Rarely,3
1377582,12,Maternity,3,Nurse,8,7,80,1,3,Travel_Rarely,1
1590795,5,Maternity,1,Other,3,3,80,3,3,Travel_Frequently,2
1554560,10,Neurology,2,Other,0,7,80,0,3,Travel_Rarely,4
1563500,10,Cardiology,2,Nurse,7,7,80,0,3,Travel_Rarely,2
1287606,10,Maternity,1,Other,8,6,80,1,4,Travel_Rarely,1
1395052,5,Maternity,1,Other,3,3,80,1,3,Travel_Rarely,6
1692699,4,Maternity,3,Administrative,3,2,80,0,3,Travel_Rarely,3
1691971,2,Cardiology,2,Nurse,2,2,80,0,2,Non-Travel,3
1048578,4,Maternity,1,Nurse,3,2,80,1,3,Travel_Rarely,5
1874111,0,Maternity,2,Nurse,0,0,80,2,4,Travel_Rarely,2
1083173,7,Cardiology,2,Therapist,7,7,80,1,3,Non-Travel,6
1819347,11,Neurology,1,Other,10,8,80,3,3,Non-Travel,3
1645963,7,Neurology,2,Nurse,1,7,80,1,3,Travel_Frequently,3
1174838,10,Cardiology,2,Therapist,3,8,80,0,3,Travel_Rarely,4
1751502,2,Cardiology,2,Nurse,1,2,80,1,3,Travel_Frequently,6
1117560,3,Neurology,1,Other,2,2,80,0,3,Non-Travel,2
1206981,3,Neurology,2,Nurse,2,2,80,0,4,Travel_Rarely,3
1711876,22,Cardiology,3,Nurse,14,5,80,1,3,Travel_Rarely,3
1366196,7,Cardiology,3,Therapist,7,2,80,0,3,Travel_Rarely,3
1347924,5,Neurology,1,Other,1,4,80,0,3,Travel_Rarely,3
1140520,9,Neurology,2,Nurse,7,7,80,1,3,Travel_Rarely,2
1187455,5,Neurology,2,Nurse,3,3,80,1,3,Travel_Rarely,3
1645498,10,Cardiology,2,Nurse,8,8,80,2,4,Travel_Rarely,5
1382530,16,Cardiology,4,Administrative,9,14,80,1,3,Non-Travel,0
1682292,5,Neurology,1,Nurse,4,3,80,1,1,Travel_Rarely,2
1602874,22,Cardiology,3,Therapist,11,10,80,1,2,Travel_Rarely,4
1154770,7,Neurology,2,Nurse,4,7,80,1,3,Travel_Rarely,3
1051875,7,Neurology,2,Other,1,7,80,1,3,Travel_Rarely,2
1834180,3,Cardiology,3,Nurse,2,2,80,2,3,Travel_Frequently,3
1564192,3,Neurology,1,Other,2,2,80,1,3,Travel_Rarely,3
1802154,4,Cardiology,2,Other,2,3,80,2,1,Travel_Rarely,4
1207662,5,Cardiology,2,Nurse,3,2,80,0,3,Travel_Rarely,4
1072716,2,Neurology,4,Administrative,2,2,80,0,3,Travel_Frequently,3
1086016,0,Neurology,1,Other,0,0,80,0,3,Non-Travel,4
1552861,1,Neurology,1,Other,0,0,80,0,4,Travel_Rarely,4
1235468,2,Neurology,1,Other,2,0,80,3,2,Travel_Rarely,3
1281331,8,Cardiology,2,Nurse,7,7,80,2,3,Non-Travel,3
1220488,1,Neurology,2,Other,0,0,80,1,3,Travel_Rarely,2
1113271,7,Cardiology,2,Nurse,7,7,80,1,3,Travel_Frequently,5
1152978,5,Neurology,1,Nurse,4,2,80,0,3,Travel_Frequently,3
1871070,11,Neurology,1,Nurse,8,10,80,0,3,Travel_Frequently,3
1687721,0,Cardiology,2,Nurse,0,0,80,0,3,Travel_Frequently,2
1031664,6,Neurology,1,Other,3,3,80,2,3,Non-Travel,1
1402268,2,Neurology,1,Nurse,2,0,80,0,3,Travel_Rarely,2
1601963,9,Cardiology,3,Therapist,8,7,80,1,3,Travel_Rarely,4
1777794,3,Neurology,1,Other,2,2,80,1,3,Non-Travel,2
1510809,7,Neurology,2,Nurse,0,6,80,2,1,Travel_Rarely,3
1676403,0,Neurology,1,Nurse,0,0,80,0,3,Travel_Rarely,3
1458226,2,Cardiology,2,Nurse,2,2,80,0,2,Travel_Rarely,3
1442296,19,Cardiology,4,Nurse,17,8,80,1,4,Travel_Rarely,5
1469297,9,Cardiology,2,Other,8,8,80,1,2,Travel_Rarely,5
1701157,1,Neurology,1,Other,0,0,80,0,2,Travel_Rarely,3
1141899,16,Neurology,5,Administrative,12,14,80,0,2,Travel_Rarely,2
1866815,22,Neurology,5,Administrative,10,9,80,0,2,Travel_Rarely,3
1329673,1,Neurology,1,Other,0,0,80,0,2,Travel_Frequently,3
1775838,8,Cardiology,3,Nurse,7,7,80,3,3,Travel_Rarely,2
1575047,7,Neurology,1,Other,6,3,80,1,2,Travel_Frequently,2
1049997,2,Neurology,2,Other,2,2,80,3,3,Travel_Rarely,2
1766213,5,Neurology,1,Other,2,4,80,1,2,Travel_Rarely,2
1544113,1,Cardiology,1,Other,0,0,80,1,3,Travel_Rarely,3
1609966,1,Cardiology,1,Other,0,0,80,0,3,Travel_Rarely,3
1242148,1,Neurology,1,Other,0,0,80,0,3,Travel_Rarely,2
1494882,10,Cardiology,2,Nurse,9,7,80,1,2,Travel_Rarely,4
1450163,10,Neurology,2,Nurse,8,2,80,1,3,Travel_Rarely,2
1104040,5,Cardiology,3,Nurse,3,0,80,3,3,Travel_Rarely,3
1879233,3,Neurology,1,Nurse,2,2,80,0,3,Travel_Rarely,2
1878518,5,Neurology,2,Other,3,4,80,1,3,Travel_Rarely,2
1694441,3,Cardiology,2,Therapist,2,2,80,0,2,Travel_Rarely,2
1608760,9,Cardiology,2,Therapist,8,8,80,2,2,Travel_Rarely,2
1357691,10,Neurology,2,Other,1,8,80,0,2,Travel_Frequently,2
1551391,19,Neurology,4,Administrative,7,16,80,1,3,Travel_Rarely,3
1419575,1,Neurology,1,Other,0,0,80,1,2,Travel_Rarely,3
1620257,22,Neurology,4,Administrative,17,7,80,1,3,Travel_Frequently,3
1662166,2,Neurology,2,Nurse,0,2,80,1,4,Travel_Rarely,5
1738269,5,Neurology,1,Other,2,0,80,1,1,Non-Travel,2
1557030,4,Neurology,1,Nurse,2,0,80,0,3,Travel_Rarely,3
1153641,4,Cardiology,2,Nurse,2,3,80,2,2,Travel_Rarely,1
1448030,5,Cardiology,2,Nurse,4,4,80,1,3,Travel_Rarely,3
1804573,13,Neurology,3,Administrative,7,7,80,1,3,Travel_Rarely,3
1058985,5,Cardiology,2,Nurse,2,4,80,1,3,Travel_Rarely,2
1674974,4,Cardiology,2,Nurse,2,1,80,0,2,Travel_Rarely,3
1408618,2,Neurology,1,Nurse,2,2,80,1,4,Travel_Rarely,0
1670932,7,Neurology,1,Nurse,7,7,80,1,4,Travel_Frequently,3
1808720,4,Neurology,2,Nurse,2,3,80,0,3,Travel_Frequently,3
1228157,10,Cardiology,2,Nurse,4,9,80,0,3,Travel_Rarely,2
1355281,7,Cardiology,2,Nurse,7,7,80,1,2,Travel_Frequently,2
1745305,1,Cardiology,1,Other,0,0,80,0,4,Travel_Frequently,3
1048077,3,Cardiology,2,Nurse,2,2,80,1,1,Non-Travel,1
1616851,5,Neurology,1,Other,3,2,80,1,3,Travel_Rarely,3
1700476,15,Neurology,2,Other,10,11,80,0,2,Travel_Frequently,3
1603368,2,Cardiology,2,Nurse,0,2,80,0,3,Travel_Rarely,0
1775902,8,Neurology,2,Other,7,7,80,1,3,Non-Travel,4
1871585,0,Cardiology,2,Nurse,0,0,80,1,2,Travel_Rarely,3
1606461,10,Cardiology,2,Therapist,0,9,80,1,3,Travel_Rarely,3
1236472,20,Neurology,2,Other,11,7,80,1,2,Travel_Frequently,3
1058946,1,Cardiology,4,Administrative,0,0,80,1,3,Travel_Rarely,2
1683886,4,Neurology,1,Other,1,3,80,0,4,Travel_Frequently,2
1211751,5,Neurology,1,Other,2,3,80,2,3,Travel_Rarely,0
1445440,5,Neurology,5,Administrative,4,3,80,0,3,Travel_Frequently,3
1654667,0,Cardiology,2,Nurse,0,0,80,2,3,Travel_Rarely,4
1265759,1,Neurology,1,Other,0,0,80,0,2,Travel_Frequently,2
1842922,5,Cardiology,2,Nurse,3,4,80,1,3,Travel_Rarely,2
1884938,5,Neurology,1,Other,3,4,80,0,3,Non-Travel,3
1252735,4,Neurology,1,Other,2,3,80,1,3,Non-Travel,3
1201616,5,Neurology,1,Nurse,4,2,80,0,4,Non-Travel,3
1050457,14,Cardiology,3,Nurse,8,1,80,0,3,Travel_Rarely,3
1637651,8,Cardiology,3,Nurse,7,1,80,1,3,Travel_Rarely,2
1079566,7,Neurology,1,Nurse,7,6,80,0,3,Travel_Rarely,6
1332348,5,Neurology,2,Nurse,3,2,80,1,3,Travel_Rarely,5
1051695,5,Neurology,2,Nurse,1,2,80,1,3,Non-Travel,6
1154444,10,Neurology,2,Other,8,7,80,0,1,Travel_Frequently,6
1650983,4,Neurology,1,Nurse,1,3,80,1,2,Travel_Rarely,2
1130703,1,Cardiology,1,Other,0,0,80,0,2,Travel_Rarely,3
1817679,10,Cardiology,2,Nurse,8,9,80,0,3,Travel_Rarely,2
1092771,7,Cardiology,2,Nurse,7,7,80,0,3,Travel_Rarely,5
1356134,1,Cardiology,2,Therapist,0,0,80,0,2,Travel_Rarely,1
1370524,10,Cardiology,2,Nurse,7,8,80,0,3,Travel_Frequently,4
1232169,2,Cardiology,3,Nurse,2,2,80,0,3,Travel_Rarely,2
1392392,4,Neurology,2,Other,3,3,80,2,3,Travel_Rarely,6
1309342,9,Neurology,2,Nurse,7,8,80,3,3,Travel_Frequently,2
1531422,10,Neurology,3,Nurse,9,9,80,1,3,Travel_Rarely,1
1126582,6,Neurology,1,Other,2,2,80,1,3,Travel_Frequently,2
1316742,10,Neurology,5,Administrative,9,4,80,1,4,Travel_Rarely,0
1789942,1,Neurology,1,Nurse,0,0,80,3,1,Travel_Rarely,4
1583381,20,Cardiology,4,Nurse,8,10,80,0,3,Travel_Rarely,3
1275198,20,Neurology,2,Other,9,7,80,0,2,Non-Travel,2
1378502,11,Neurology,3,Administrative,7,8,80,1,3,Non-Travel,2
1553116,5,Cardiology,2,Therapist,2,4,80,0,3,Travel_Rarely,3
1150538,4,Neurology,2,Nurse,3,2,80,0,2,Travel_Rarely,2
1553133,5,Neurology,1,Nurse,2,4,80,0,3,Travel_Rarely,6
1113801,10,Neurology,2,Nurse,9,4,80,1,3,Travel_Frequently,2
1365691,11,Cardiology,2,Nurse,8,10,80,1,3,Travel_Rarely,4
1825860,2,Neurology,1,Other,0,2,80,0,3,Travel_Rarely,3
1820725,12,Neurology,1,Nurse,8,7,80,0,3,Travel_Rarely,6
1515102,2,Neurology,1,Nurse,2,2,80,1,3,Travel_Rarely,2
1811717,17,Neurology,3,Nurse,14,11,80,0,3,Travel_Rarely,3
1863212,1,Neurology,1,Nurse,1,0,80,3,2,Non-Travel,2
1677775,15,Cardiology,2,Nurse,13,8,80,2,3,Travel_Rarely,3
1593793,2,Cardiology,1,Other,2,2,80,1,3,Travel_Rarely,1
1373830,8,Cardiology,2,Therapist,3,7,80,1,2,Travel_Frequently,1
1125914,4,Neurology,2,Other,3,2,80,1,3,Travel_Rarely,3
1519296,5,Neurology,1,Other,3,0,80,1,3,Travel_Rarely,3
1491934,13,Neurology,3,Administrative,8,12,80,2,3,Non-Travel,3
1181842,2,Neurology,1,Nurse,2,2,80,1,3,Travel_Rarely,3
1221662,3,Neurology,1,Other,2,2,80,0,3,Travel_Rarely,2
1725778,10,Neurology,2,Other,7,8,80,0,3,Travel_Rarely,5
1301790,9,Neurology,2,Nurse,7,1,80,1,3,Travel_Rarely,6
1399338,6,Neurology,1,Nurse,2,1,80,0,2,Travel_Rarely,3
1789008,1,Neurology,1,Nurse,0,0,80,2,3,Travel_Rarely,3
1190766,2,Cardiology,1,Other,2,2,80,1,2,Travel_Rarely,2
1491312,7,Neurology,2,Other,7,7,80,0,3,Travel_Rarely,2
1708743,18,Neurology,3,Administrative,16,11,80,1,1,Travel_Rarely,3
1435710,14,Cardiology,3,Nurse,10,7,80,2,3,Travel_Rarely,3
1332625,16,Neurology,3,Administrative,11,8,80,1,4,Travel_Rarely,2
1818407,5,Cardiology,2,Nurse,3,4,80,1,3,Travel_Rarely,3
1251101,9,Cardiology,1,Other,8,0,80,2,3,Non-Travel,3
1433529,4,Neurology,1,Other,3,2,80,0,3,Travel_Rarely,2
1859445,2,Cardiology,1,Other,2,2,80,0,3,Travel_Rarely,6
1104512,6,Neurology,5,Administrative,0,3,80,0,3,Non-Travel,3
1782969,1,Cardiology,1,Other,0,0,80,1,3,Travel_Frequently,3
1628827,9,Cardiology,3,Nurse,7,4,80,2,2,Travel_Rarely,2
1224144,4,Cardiology,2,Therapist,2,2,80,3,3,Travel_Frequently,3
1284416,13,Neurology,2,Nurse,12,9,80,1,3,Non-Travel,2
1191013,2,Neurology,1,Other,2,2,80,3,3,Travel_Rarely,3
1061493,22,Neurology,5,Administrative,6,14,80,0,3,Travel_Rarely,2
1197297,10,Neurology,1,Nurse,9,8,80,1,3,Travel_Rarely,4
1065630,20,Cardiology,4,Therapist,7,10,80,1,2,Travel_Rarely,3
1173552,8,Cardiology,2,Nurse,7,7,80,2,2,Travel_Rarely,2
1277240,15,Cardiology,2,Nurse,12,11,80,1,1,Non-Travel,4
1520108,5,Cardiology,2,Nurse,4,4,80,1,2,Travel_Rarely,5
1707431,4,Neurology,1,Other,2,2,80,0,3,Travel_Rarely,4
1246075,9,Neurology,3,Other,0,7,80,0,3,Travel_Rarely,2
1665956,10,Cardiology,2,Nurse,7,9,80,1,3,Travel_Rarely,1
1468963,6,Cardiology,2,Nurse,3,1,80,2,3,Travel_Frequently,3
1457695,6,Cardiology,2,Nurse,3,0,80,1,2,Travel_Rarely,2
1043685,5,Cardiology,2,Nurse,3,1,80,0,3,Travel_Rarely,3
1336668,2,Neurology,1,Other,2,2,80,0,2,Travel_Rarely,2
1044917,10,Neurology,2,Nurse,2,2,80,2,3,Travel_Frequently,2
1758264,5,Neurology,1,Other,3,2,80,3,3,Travel_Rarely,2
1175359,4,Neurology,1,Other,3,1,80,1,1,Travel_Rarely,5
1640979,4,Neurology,2,Nurse,3,3,80,1,2,Travel_Rarely,2
1321040,5,Neurology,1,Other,4,4,80,0,2,Travel_Rarely,3
1293237,3,Cardiology,3,Nurse,2,0,80,1,2,Travel_Rarely,3
1715801,20,Cardiology,4,Nurse,9,6,80,1,2,Travel_Rarely,2
1626443,9,Cardiology,2,Therapist,4,7,80,0,3,Non-Travel,2
1787925,4,Cardiology,1,Other,2,0,80,0,2,Travel_Rarely,2
1444959,5,Neurology,2,Nurse,2,3,80,1,4,Travel_Frequently,3
1196529,7,Neurology,3,Nurse,7,7,80,1,2,Travel_Rarely,5
1417927,6,Cardiology,2,Therapist,2,3,80,1,4,Travel_Rarely,0
1322645,9,Cardiology,2,Nurse,6,8,80,0,2,Travel_Frequently,3
1879510,4,Neurology,2,Nurse,3,2,80,0,4,Travel_Rarely,3
1345828,7,Maternity,2,Therapist,5,7,80,1,2,Travel_Rarely,2
1837461,20,Cardiology,5,Admin,15,12,80,0,3,Travel_Rarely,2
1720201,10,Maternity,2,Therapist,7,9,80,2,2,Travel_Rarely,3
1566303,21,Maternity,4,Therapist,6,8,80,1,2,Travel_Rarely,3
1108233,13,Maternity,2,Other,12,9,80,1,3,Non-Travel,2
1548714,8,Maternity,3,Other,7,7,80,2,3,Travel_Rarely,3
1823206,3,Maternity,3,Other,2,2,80,2,3,Travel_Rarely,6
1464646,13,Maternity,2,Nurse,11,9,80,2,3,Travel_Frequently,4
1118938,33,Maternity,3,Therapist,7,9,80,1,2,Travel_Rarely,4
1266767,7,Cardiology,2,Nurse,7,7,80,2,3,Non-Travel,3
1432515,8,Maternity,2,Other,7,7,80,1,4,Travel_Frequently,2
1440199,4,Maternity,2,Therapist,2,2,80,2,2,Travel_Rarely,6
1449468,22,Neurology,5,Admin,7,10,80,1,2,Travel_Rarely,3
1308741,7,Neurology,3,Therapist,7,7,80,0,3,Travel_Rarely,6
1117655,10,Neurology,4,Therapist,9,9,80,0,3,Travel_Rarely,2
1439166,11,Cardiology,2,Nurse,8,10,80,1,3,Travel_Rarely,4
1141471,14,Neurology,4,Therapist,10,11,80,1,2,Travel_Rarely,3
1731320,7,Maternity,3,Therapist,7,4,80,1,2,Travel_Rarely,2
1697463,6,Maternity,3,Other,0,4,80,1,2,Travel_Rarely,3
1540491,6,Maternity,2,Nurse,5,2,80,1,3,Non-Travel,3
1034607,9,Maternity,3,Therapist,7,7,80,0,3,Travel_Rarely,3
1123123,6,Maternity,2,Other,0,0,80,2,3,Travel_Rarely,2
1380232,3,Cardiology,4,Admin,2,2,80,3,4,Travel_Rarely,2
1345928,22,Cardiology,5,Admin,9,10,80,1,3,Travel_Rarely,5
1165218,4,Maternity,1,Nurse,3,2,80,1,3,Non-Travel,3
1194754,5,Cardiology,2,Nurse,4,4,80,1,2,Travel_Rarely,5
1162618,10,Maternity,1,Nurse,9,8,80,1,3,Travel_Rarely,4
1661522,21,Maternity,5,Admin,8,6,80,1,3,Travel_Frequently,3
1469038,9,Maternity,2,Therapist,8,8,80,1,3,Travel_Rarely,3
1026975,7,Cardiology,5,Admin,0,6,80,1,3,Travel_Rarely,3
1267061,1,Maternity,2,Therapist,0,0,80,0,3,Non-Travel,2
1184336,2,Maternity,1,Nurse,2,2,80,2,3,Travel_Rarely,3
1852420,10,Cardiology,2,Nurse,0,2,80,2,3,Travel_Rarely,2
1622092,10,Maternity,3,Therapist,9,8,80,1,4,Travel_Rarely,1
1870096,10,Cardiology,3,Nurse,7,7,80,1,4,Travel_Rarely,2
1288694,10,Cardiology,2,Nurse,7,9,80,1,3,Travel_Rarely,1
1354174,25,Cardiology,4,Admin,8,7,80,0,2,Travel_Rarely,3
1121812,5,Cardiology,2,Nurse,2,2,80,1,3,Travel_Frequently,3
1688790,15,Maternity,4,Other,11,12,80,1,2,Travel_Rarely,3
1847082,1,Maternity,2,Therapist,0,0,80,1,3,Travel_Rarely,3
1137940,19,Cardiology,4,Nurse,17,8,80,1,4,Travel_Rarely,5
1531743,9,Neurology,5,Therapist,8,5,80,1,3,Travel_Rarely,3
1156488,2,Maternity,4,Admin,2,2,80,1,2,Travel_Frequently,3
1578755,3,Maternity,1,Nurse,2,2,80,3,3,Travel_Rarely,5
1333885,7,Neurology,2,Nurse,7,7,80,1,3,Travel_Rarely,3
1258908,2,Maternity,1,Nurse,2,2,80,1,3,Travel_Frequently,2
1245218,5,Maternity,2,Other,3,2,80,1,3,Travel_Rarely,5
1730370,6,Maternity,1,Nurse,2,1,80,0,3,Travel_Rarely,6
1577435,22,Maternity,4,Admin,6,7,80,1,3,Travel_Rarely,3
1151756,3,Cardiology,2,Nurse,2,2,80,1,4,Travel_Rarely,4
1045493,1,Neurology,5,Therapist,0,0,80,0,2,Travel_Rarely,3
1570909,8,Maternity,2,Therapist,3,7,80,1,2,Travel_Frequently,1
1509347,5,Maternity,2,Other,2,2,80,0,3,Travel_Rarely,3
1217582,5,Neurology,4,Therapist,3,3,80,3,3,Travel_Rarely,5
1110329,4,Neurology,5,Therapist,2,2,80,1,3,Travel_Rarely,4
1044146,17,Maternity,3,Other,14,11,80,0,3,Travel_Rarely,3
1865209,13,Maternity,2,Therapist,10,12,80,1,3,Travel_Rarely,5
1548274,4,Maternity,1,Nurse,2,2,80,2,3,Travel_Rarely,2
1268816,12,Maternity,2,Other,11,8,80,3,4,Travel_Rarely,0
1084927,14,Cardiology,3,Nurse,10,7,80,2,3,Travel_Rarely,3
1496230,8,Cardiology,2,Nurse,7,7,80,1,3,Travel_Rarely,3
1872979,3,Neurology,1,Other,2,2,80,1,3,Non-Travel,2
1123429,3,Maternity,2,Therapist,2,2,80,2,3,Travel_Rarely,2
1563219,3,Maternity,1,Nurse,2,2,80,0,3,Travel_Rarely,2
1252790,10,Maternity,2,Nurse,8,7,80,0,3,Travel_Rarely,2
1720230,17,Cardiology,4,Admin,13,9,80,1,3,Travel_Rarely,3
1028734,19,Maternity,3,Other,6,8,80,0,3,Travel_Frequently,1
1365509,5,Cardiology,2,Nurse,3,3,80,2,4,Travel_Frequently,3
1825987,6,Maternity,1,Nurse,5,3,80,0,2,Travel_Rarely,3
1269351,8,Neurology,1,Nurse,3,7,80,1,3,Travel_Frequently,3
1495147,2,Cardiology,1,Other,2,2,80,1,3,Travel_Rarely,1
1209865,9,Cardiology,2,Therapist,7,7,80,1,3,Travel_Rarely,2
1138945,12,Neurology,4,Therapist,9,8,80,0,3,Travel_Rarely,0
1310619,5,Cardiology,2,Therapist,4,4,80,0,3,Non-Travel,3
1225300,20,Maternity,4,Admin,8,8,80,1,2,Non-Travel,1
1885928,10,Maternity,2,Therapist,7,2,80,1,2,Travel_Rarely,2
1213922,8,Cardiology,2,Therapist,7,7,80,2,2,Travel_Rarely,2
1211512,9,Neurology,3,Therapist,8,8,80,1,2,Travel_Rarely,3
1159699,3,Maternity,1,Nurse,2,2,80,1,3,Travel_Rarely,3
1677368,10,Maternity,1,Nurse,9,7,80,0,2,Travel_Rarely,3
1030882,5,Maternity,1,Nurse,2,3,80,1,3,Travel_Rarely,1
1597825,4,Cardiology,2,Therapist,2,1,80,1,3,Travel_Frequently,3
1822734,3,Cardiology,2,Therapist,2,2,80,0,3,Travel_Rarely,5
1237678,6,Cardiology,2,Therapist,5,4,80,2,4,Travel_Frequently,3
1178700,9,Maternity,4,Admin,7,2,80,0,2,Non-Travel,3
1854050,5,Maternity,3,Therapist,4,4,80,0,2,Travel_Rarely,4
1833939,11,Maternity,3,Other,8,3,80,0,2,Travel_Rarely,3
1822695,2,Neurology,2,Nurse,2,2,80,0,3,Travel_Rarely,4
1252779,9,Neurology,2,Nurse,7,0,80,1,2,Travel_Frequently,3
1831971,4,Cardiology,1,Other,3,2,80,1,3,Travel_Rarely,3
1473219,6,Neurology,1,Nurse,1,5,80,1,2,Travel_Frequently,4
1178469,15,Cardiology,2,Therapist,7,13,80,1,4,Travel_Frequently,2
1075883,3,Cardiology,3,Therapist,2,2,80,1,2,Travel_Rarely,3
1853111,20,Neurology,5,Therapist,18,15,80,0,3,Travel_Rarely,5
1455592,7,Cardiology,2,Therapist,7,7,80,0,3,Travel_Rarely,5
1440762,9,Neurology,2,Nurse,2,7,80,1,2,Travel_Rarely,6
1581448,4,Cardiology,2,Therapist,2,2,80,0,3,Travel_Rarely,3
1085909,5,Neurology,2,Nurse,2,3,80,1,4,Travel_Frequently,3
1213892,9,Cardiology,2,Therapist,8,0,80,1,3,Non-Travel,2
1461811,1,Cardiology,2,Therapist,0,0,80,2,2,Travel_Rarely,2
1501908,8,Maternity,3,Other,7,0,80,0,3,Travel_Rarely,2
1065186,1,Maternity,5,Admin,0,0,80,1,2,Travel_Rarely,2
1382014,9,Neurology,1,Nurse,6,4,80,1,3,Travel_Rarely,3
1850673,12,Neurology,1,Nurse,9,8,80,0,3,Travel_Frequently,3
1239516,6,Maternity,2,Other,5,1,80,0,3,Travel_Rarely,2
1290256,5,Neurology,1,Nurse,3,2,80,0,2,Travel_Rarely,3
1239491,11,Cardiology,2,Therapist,9,9,80,0,3,Travel_Rarely,2
1822238,8,Maternity,2,Nurse,7,7,80,0,3,Travel_Rarely,4
1220579,5,Maternity,1,Nurse,2,3,80,0,3,Travel_Rarely,2
1143606,2,Cardiology,2,Therapist,2,2,80,0,4,Travel_Rarely,3
1200749,5,Neurology,1,Nurse,4,2,80,1,2,Travel_Rarely,2
1633070,19,Maternity,5,Admin,9,11,80,1,1,Travel_Rarely,5
1066528,11,Neurology,1,Other,10,8,80,3,3,Non-Travel,3
1157111,1,Cardiology,2,Nurse,0,0,80,3,2,Travel_Rarely,5
1792052,6,Maternity,1,Nurse,5,5,80,0,3,Travel_Rarely,1
1676128,1,Neurology,1,Nurse,0,0,80,2,2,Non-Travel,3
1148181,10,Cardiology,2,Nurse,7,1,80,1,3,Travel_Frequently,3
1844032,13,Cardiology,2,Other,7,7,80,0,3,Travel_Rarely,2
1146009,2,Maternity,1,Nurse,2,2,80,1,4,Travel_Rarely,2
1090887,7,Neurology,1,Nurse,7,6,80,0,3,Travel_Frequently,2
1709085,1,Cardiology,2,Nurse,0,0,80,0,3,Travel_Rarely,5
1767733,20,Maternity,3,Other,8,9,80,1,3,Travel_Frequently,3
1790839,8,Maternity,2,Other,7,7,80,2,3,Travel_Frequently,3
1629597,3,Maternity,1,Nurse,2,2,80,0,3,Travel_Rarely,3
1209768,10,Neurology,2,Nurse,9,4,80,1,3,Travel_Frequently,2
1037474,10,Maternity,3,Other,7,9,80,0,2,Non-Travel,2
1110876,1,Maternity,3,Therapist,0,0,80,2,3,Travel_Frequently,5
1302685,21,Neurology,4,Admin,7,7,80,0,3,Travel_Rarely,2
1638565,5,Maternity,1,Nurse,2,2,80,1,3,Travel_Rarely,2
1075989,9,Neurology,2,Nurse,8,5,80,3,1,Non-Travel,6
1440066,5,Neurology,1,Nurse,3,2,80,1,3,Travel_Rarely,2
1432464,1,Neurology,1,Nurse,0,0,80,2,4,Travel_Frequently,2
1051013,17,Maternity,2,Nurse,11,8,80,0,1,Travel_Rarely,3
1800484,2,Neurology,1,Nurse,2,0,80,1,3,Travel_Frequently,4
1553672,10,Maternity,3,Admin,7,9,80,1,3,Non-Travel,2
1619511,6,Maternity,1,Nurse,4,2,80,1,3,Travel_Rarely,2
1575266,7,Neurology,1,Other,6,7,80,0,3,Travel_Rarely,3
1087770,5,Cardiology,3,Nurse,4,2,80,1,3,Travel_Rarely,2
1456073,1,Maternity,2,Other,0,0,80,0,3,Travel_Rarely,2
1637476,2,Neurology,1,Other,2,2,80,0,3,Travel_Rarely,0
1475807,24,Cardiology,3,Nurse,13,7,80,3,3,Travel_Rarely,2
1085062,1,Maternity,2,Therapist,0,1,80,0,2,Travel_Rarely,1
1640372,5,Maternity,1,Nurse,2,3,80,1,3,Travel_Frequently,3
1309511,3,Neurology,2,Nurse,2,2,80,1,4,Travel_Frequently,3
1220459,3,Neurology,5,Therapist,2,2,80,0,3,Travel_Frequently,4
1048015,4,Neurology,1,Nurse,3,3,80,0,3,Travel_Rarely,4
1659102,3,Maternity,1,Nurse,2,2,80,0,4,Travel_Frequently,2
1857447,3,Neurology,1,Nurse,2,2,80,3,1,Non-Travel,4
1586182,9,Cardiology,1,Other,8,0,80,2,3,Non-Travel,3
1585668,10,Maternity,3,Therapist,9,9,80,0,2,Travel_Rarely,0
1522053,5,Cardiology,3,Nurse,2,4,80,1,2,Travel_Rarely,3
1685220,2,Cardiology,2,Nurse,2,2,80,3,2,Travel_Rarely,3
1249536,5,Cardiology,2,Nurse,2,3,80,0,2,Travel_Rarely,1
1104176,3,Maternity,1,Nurse,2,2,80,0,3,Travel_Rarely,4
1602545,1,Neurology,1,Nurse,0,0,80,1,3,Travel_Rarely,6
1433107,1,Maternity,1,Nurse,0,0,80,1,2,Travel_Rarely,2
1232119,2,Maternity,1,Nurse,2,2,80,1,3,Non-Travel,1
1876599,7,Cardiology,2,Nurse,7,7,80,2,2,Travel_Rarely,2
1389456,2,Neurology,1,Other,2,1,80,1,3,Travel_Frequently,2
1197555,3,Maternity,2,Nurse,2,2,80,0,3,Travel_Rarely,2
1285943,20,Neurology,1,Nurse,8,8,80,3,4,Travel_Rarely,3
1108108,11,Neurology,1,Nurse,8,10,80,0,3,Travel_Frequently,3
1215433,7,Cardiology,1,Other,4,6,80,0,3,Travel_Rarely,1
1565509,8,Neurology,1,Nurse,7,7,80,0,3,Non-Travel,2
1845170,2,Cardiology,1,Other,2,1,80,2,3,Travel_Frequently,3
1188199,3,Cardiology,2,Nurse,2,2,80,0,3,Travel_Rarely,3
1548215,8,Maternity,1,Nurse,7,7,80,1,4,Travel_Rarely,3
1698428,7,Maternity,2,Other,6,7,80,0,2,Travel_Rarely,2
1389834,1,Cardiology,2,Nurse,0,0,80,1,3,Travel_Frequently,4
1533883,4,Cardiology,2,Other,2,3,80,2,1,Travel_Rarely,4
1746047,1,Maternity,1,Nurse,0,0,80,1,2,Travel_Rarely,0
1431094,8,Maternity,1,Nurse,5,2,80,0,3,Travel_Rarely,2
1173245,2,Cardiology,1,Other,2,2,80,1,3,Travel_Frequently,5
1309082,1,Neurology,1,Other,0,0,80,0,2,Travel_Rarely,3
1545418,5,Neurology,1,Nurse,4,3,80,0,1,Travel_Rarely,2
1655170,22,Cardiology,4,Nurse,2,13,80,2,3,Travel_Frequently,2
1293281,2,Cardiology,1,Other,2,2,80,0,2,Travel_Rarely,3
1031059,3,Maternity,2,Nurse,2,2,80,0,4,Travel_Rarely,1
1505419,3,Cardiology,3,Nurse,2,0,80,1,2,Travel_Rarely,3
1222421,4,Cardiology,3,Nurse,3,2,80,1,1,Travel_Rarely,2
1620322,1,Neurology,1,Nurse,1,0,80,1,3,Travel_Rarely,0
1474227,3,Cardiology,1,Other,2,2,80,0,2,Travel_Rarely,2
1101293,5,Neurology,1,Nurse,2,4,80,0,1,Non-Travel,5
1327800,8,Cardiology,1,Other,2,6,80,2,3,Travel_Rarely,3
1162185,3,Maternity,1,Nurse,1,2,80,1,2,Travel_Frequently,2
1168729,1,Neurology,1,Nurse,0,0,80,0,2,Travel_Rarely,3
1544044,10,Cardiology,2,Nurse,7,8,80,0,3,Travel_Frequently,4
1114030,10,Cardiology,3,Nurse,0,9,80,0,3,Non-Travel,2
1751929,0,Maternity,1,Nurse,0,0,80,1,2,Travel_Frequently,5
1267282,1,Maternity,1,Nurse,0,0,80,0,2,Travel_Rarely,3
1855095,5,Neurology,1,Nurse,4,2,80,0,3,Travel_Frequently,3
1837772,2,Cardiology,2,Nurse,2,0,80,1,2,Travel_Rarely,2
1704323,3,Cardiology,1,Other,2,2,80,3,2,Travel_Rarely,3
1622091,2,Cardiology,2,Nurse,2,2,80,0,1,Non-Travel,6
1734708,3,Cardiology,1,Other,2,2,80,0,3,Travel_Frequently,2
1747750,5,Maternity,1,Nurse,4,3,80,1,1,Travel_Rarely,2
1341748,7,Neurology,1,Other,7,0,80,1,3,Travel_Frequently,2
1415325,0,Neurology,1,Nurse,0,0,80,2,4,Travel_Rarely,2
1663404,15,Cardiology,2,Nurse,9,10,80,0,2,Travel_Rarely,2
1549806,2,Neurology,1,Nurse,2,2,80,0,2,Travel_Frequently,2
1874133,1,Neurology,1,Nurse,0,0,80,3,1,Travel_Rarely,4
1175959,1,Neurology,1,Nurse,1,0,80,3,3,Travel_Rarely,3
1655666,1,Neurology,1,Nurse,0,0,80,0,2,Travel_Frequently,5
1602218,2,Maternity,1,Nurse,2,2,80,0,2,Travel_Rarely,0
1336016,7,Maternity,1,Nurse,7,7,80,0,1,Travel_Rarely,4
1117656,1,Neurology,1,Nurse,0,0,80,0,1,Travel_Rarely,3
1152327,3,Cardiology,3,Nurse,2,2,80,1,2,Travel_Rarely,3
1812428,1,Maternity,1,Other,0,0,80,0,2,Travel_Rarely,0
1812429,21,Neurology,4,Therapist,6,8,80,1,2,Travel_Rarely,3
1152329,8,Cardiology,2,Nurse,7,7,80,0,4,Travel_Rarely,5
